task_id,任务,状态,目标XY米,源物体和夹具XY米,固定相机边界风险,调整说明
T001,提起并放置散放积木,单次成功，待用户审核,"[0.1, -0.03]","{""cube_40"": [-0.16, -0.1], ""tray"": [0.1, -0.03]}",角点通过，仍需遮挡审核,托盘靠近中心，起点在左前侧，不再分别全桌随机。
T002,从贴边位置取出长条,单次成功，待用户审核,"[0.12, -0.03]","{""bar"": [-0.1, -0.06], ""wall"": [-0.168, -0.06], ""tray"": [0.12, -0.03]}",角点通过，仍需遮挡审核,墙与长条绑定摆放，目标托盘靠近中心。
T004,从支座中取出水平圆柱,单次成功，待用户审核,"[0.13, -0.03]","{""cylinder"": [-0.16, -0.06], ""v_support"": [-0.16, -0.06], ""tray"": [0.13, -0.03]}",角点通过，仍需遮挡审核,圆柱与支座整体摆放，限制目标托盘边界。
T011,扶正横倒的瓶子,单次成功，待用户审核,"[0.04, -0.04]","{""bottle"": [-0.13, -0.07]}",角点通过，仍需遮挡审核,瓶子扶正目标固定在中心；禁止失败后自动搬到后侧。
T012,翻面放置双面标牌,单次成功，待用户审核,"[0.06, -0.02]","{""sign"": [-0.12, -0.07]}",角点通过，仍需遮挡审核,标牌与目标框都放在中央可见区域。
T014,把杯柄转向指定标记,单次成功，待用户审核,"[0, -0.04]","{""mug"": [0, -0.04], ""coaster"": [0, -0.04]}",角点通过，仍需遮挡审核,杯与杯垫居中，杯柄朝向先固定为 90 度。
T016,把物体放在两地标中点,单次成功，待用户审核,"[0, 0.02]","{""cube_40"": [-0.12, -0.14], ""landmark_a"": [-0.11, 0.02], ""landmark_b"": [0.11, 0.02]}",角点通过，仍需遮挡审核,地标关于中心对称，固定中点为主要操作目标。
T017,将物体放在指定容器后方,单次成功，待用户审核,"[0.06, 0.055]","{""cube_40"": [-0.18, -0.11], ""box_a"": [0.06, -0.13], ""box_b"": [-0.15, 0.02]}",角点通过，仍需遮挡审核,两个箱体已调整为 140×100×60 mm；箱体与后方目标均限制在中央可见区。
T021,直线推块到目标框,单次成功，待用户审核,"[0.075, -0.04]","{""cube_40"": [-0.075, -0.04], ""push_mat"": [0, -0.04]}",角点通过，仍需遮挡审核,推垫中心固定，推行起终点都在核心区。
T031,搭建稳定积木柱,单次成功，待用户审核,"[0, -0.03]","{""cube_60"": [-0.2, 0.12], ""cube_50"": [-0.1, 0.14], ""cube_40"": [0, 0.16], ""cube_32"": [0.1, 0.14], ""cube_25"": [0.2, 0.12]}",角点通过，仍需遮挡审核,塔底固定在中央，检查 5 块完整塔高约 207 mm，而不是只检查底部。
T038,从塔顶逐件拆卸并入盒,单次成功，待用户审核,"[0.22, -0.04]","{""cube_60"": [-0.2, 0.12], ""cube_50"": [-0.1, 0.14], ""cube_40"": [0, 0.16], ""cube_32"": [0.1, 0.14], ""cube_25"": [0.2, 0.12], ""box"": [0.22, -0.04]}",角点通过，仍需遮挡审核,原塔居中，接收箱缩至 160×120×60 mm，放置点按较小内腔重新配置。
T041,拉开USDcraft抽屉,单次成功，待用户审核,"[0.082177, -0.020179]","{""drawer"": [0.082177, -0.020179]}",角点通过，仍需遮挡审核,沿用 T044 已展示的抽屉位置与 49.53 度朝向；禁止任意转向或放大。审查完整抽拉包络、把手和托盘。 第三视角朝向抽屉正面；固定相机主要看到柜体背面，内部遮挡仍待你审核。
T042,推闭已打开的抽屉,单次成功，待用户审核,"[0.082177, -0.020179]","{""drawer"": [0.082177, -0.020179]}",角点通过，仍需遮挡审核,沿用 T044 已展示的抽屉位置与 49.53 度朝向；禁止任意转向或放大。审查完整抽拉包络、把手和托盘。 第三视角朝向抽屉正面；固定相机主要看到柜体背面，内部遮挡仍待你审核。
T043,把抽屉停在指定开度,单次成功，待用户审核,"[0.082177, -0.020179]","{""drawer"": [0.082177, -0.020179]}",角点通过，仍需遮挡审核,沿用 T044 已展示的抽屉位置与 49.53 度朝向；禁止任意转向或放大。审查完整抽拉包络、把手和托盘。 第三视角朝向抽屉正面；固定相机主要看到柜体背面，内部遮挡仍待你审核。
T044,从打开的抽屉取出物品,单次成功，待用户审核,"[-0.17, -0.13]","{""drawer"": [0.082177, -0.020179], ""tray"": [-0.17, -0.13]}",角点通过，仍需遮挡审核,保持 T044 参考抽屉位姿；接收单个 25 mm 物体的托盘缩至 100×80×20 mm，移到左前侧，避免被抽屉挡住，保持完整抽拉间隙。 第三视角朝向抽屉正面；固定相机主要看到柜体背面，内部遮挡仍待你审核。
T045,把物品放进抽屉再关上,单次成功，待用户审核,"[-0.2, -0.1]","{""drawer"": [0.082177, -0.020179], ""cube_25"": [-0.2, -0.1]}",角点通过，仍需遮挡审核,沿用 T044 已展示的抽屉位置与 49.53 度朝向；禁止任意转向或放大。审查完整抽拉包络、把手和托盘。 第三视角朝向抽屉正面；固定相机主要看到柜体背面，内部遮挡仍待你审核。
T063,按下单个大按钮,单次成功，待用户审核,"[0, -0.03]","{""button"": [0, -0.03]}",角点通过，仍需遮挡审核,按钮和手指接触位置置于中心。
T142,按几何形状分类,单次成功，待用户审核,"[0, 0.015]","{""cube_40"": [-0.16, -0.04], ""cylinder"": [0.01, -0.04], ""sphere"": [0.18, -0.04], ""tray_0"": [-0.16, 0.13], ""tray_1"": [0.01, 0.13], ""tray_2"": [0.18, 0.13]}",角点通过，仍需遮挡审核,三个托盘缩至 140×100×20 mm，整体靠近中心排列，避免原先 760 mm 过宽布局。
T143,按相对尺寸从小到大排列,单次成功，待用户审核,"[0.02, -0.04]","{""cube_60"": [-0.2, 0.12], ""cube_50"": [-0.1, 0.14], ""cube_40"": [0, 0.16], ""cube_32"": [0.1, 0.14], ""cube_25"": [0.2, 0.12]}",角点通过，仍需遮挡审核,源物体呈中央弧形；目标行 100 mm 间距、中心 X=0.02 m，需单次验证相邻抓放间隙。
T145,按指令收集恰好N件,单次成功，待用户审核,"[0.23, -0.04]","{""cube_0"": [-0.14, 0.08], ""cube_1"": [-0.04000000000000001, 0.08], ""cube_2"": [0.06, 0.08], ""cube_3"": [-0.14, -0.039999999999999994], ""cube_4"": [-0.04000000000000001, -0.039999999999999994], ""cube_5"": [0.06, -0.039999999999999994], ""box"": [0.23, -0.04]}",角点通过，仍需遮挡审核,收集箱缩至 140×120×70 mm；六块源物体与箱体整体布置，先演示恰好收集 2 件。
