任务编号,任务名称,任务族,能力标签,难度,建议阶段,资产包编号,主要资产与布置,单臂实现与夹具,操作序列,关键阶段数,成功判定草案,采集路线代码,采集路线,主要风险与依赖,资产现状,pine_wm验证状态,随机化重点,参考关系,RoboDojo参考项,参考链接,审核结论,审核备注
T001,提起并放置散放积木,A 抓取与稳定搬运,抓取泛化;几何适应;稳定搬运,L1,P0 首批40项,K01,方块从随机桌面位姿移至目标盘,无需夹具；积木抓取宽度20–60mm,抓取→抬离桌面→运输→释放,4,物体质心在目标盘内且释放后稳定1秒,M,cuMotion+抓放状态机,抓取位姿族与防滑接触,待建模/获取并资格验证；资产包编号不是现成资产ID,候选设计；未在pine_wm实现/验证,物体位姿;可夹尺寸族;质量/摩擦;障碍间距,自主扩展,,,待审,
T002,从贴边位置取出长条,A 抓取与稳定搬运,抓取泛化;几何适应;稳定搬运,L1,P0 首批40项,K01;K23,长条一侧贴近挡墙而顶部可抓,固定挡墙；保证至少一个夹爪可达面,顶抓或端抓→抬出→放入盘,3,长条进入目标盘且挡墙位移小于2mm,M,cuMotion+抓放状态机,夹爪外侧与墙体碰撞,待建模/获取并资格验证；资产包编号不是现成资产ID,候选设计；未在pine_wm实现/验证,物体位姿;可夹尺寸族;质量/摩擦;障碍间距,自主扩展,,,待审,
T003,通过杯柄搬运空杯,A 抓取与稳定搬运,抓取泛化;几何适应;稳定搬运,L2,P0 首批40项,K02,带大孔柄的空杯和杯垫,加大杯柄开口；不固定杯身,夹住杯柄→搬运→落在杯垫,3,杯底在杯垫内且杯轴倾角小于10度,M,cuMotion+抓放状态机,杯柄碰撞网格与手指间隙,待建模/获取并资格验证；资产包编号不是现成资产ID,候选设计；未在pine_wm实现/验证,物体位姿;可夹尺寸族;质量/摩擦;障碍间距,自主扩展,,,待审,
T004,从支座中取出水平圆柱,A 抓取与稳定搬运,抓取泛化;几何适应;稳定搬运,L1,P0 首批40项,K01;K23,圆柱横放在V形槽而非平放桌面,V形支座固定；圆柱直径20–45mm,对向夹持→竖直提起→入托盘,3,圆柱脱离槽并稳定进入盘,M,cuMotion+抓放状态机,圆柱滚动和夹持滑移,待建模/获取并资格验证；资产包编号不是现成资产ID,候选设计；未在pine_wm实现/验证,物体位姿;可夹尺寸族;质量/摩擦;障碍间距,自主扩展,,,待审,
T005,从拥挤物堆中取顶层目标,A 抓取与稳定搬运,抓取泛化;几何适应;稳定搬运,L3,P1 能力扩展,K01,不规则刚体堆中暴露的指定物,无需夹具；保证初始目标可抓,识别可达抓点→提取→放入盘,3,目标入盘且其他物体未掉出工作区,M,cuMotion+抓放状态机,遮挡与邻物碰撞,待建模/获取并资格验证；资产包编号不是现成资产ID,候选设计；未在pine_wm实现/验证,物体位姿;可夹尺寸族;质量/摩擦;障碍间距,自主扩展,,,待审,
T006,搬运带散件的单柄篮,A 抓取与稳定搬运,抓取泛化;几何适应;稳定搬运,L3,P1 能力扩展,K01;K20,带刚性顶柄的小篮中装3颗积木,刚性顶柄；篮和内容物总质量初始不超过0.4kg,抓柄→保持篮口向上搬运→落位,3,篮在目标区且全部积木仍在篮内,M,cuMotion+抓放状态机,载荷摆动与内部物体碰撞,待建模/获取并资格验证；资产包编号不是现成资产ID,候选设计；未在pine_wm实现/验证,物体位姿;可夹尺寸族;质量/摩擦;障碍间距,自主扩展,,,待审,
T007,从浅槽中夹起薄片,A 抓取与稳定搬运,抓取泛化;几何适应;稳定搬运,L2,P0 首批40项,K03;K23,薄片一端由槽边暴露可夹,设置至少8mm可抓凸耳,夹住露出端→提起→放入卡槽架,3,薄片完全离槽并进入目标架,M,cuMotion+抓放状态机,薄片碰撞厚度不能与外观脱节,待建模/获取并资格验证；资产包编号不是现成资产ID,候选设计；未在pine_wm实现/验证,物体位姿;可夹尺寸族;质量/摩擦;障碍间距,自主扩展,,,待审,
T008,取走套在定位柱上的套筒,A 抓取与稳定搬运,抓取泛化;几何适应;稳定搬运,L2,P0 首批40项,K03,松配合套筒套在固定竖柱上,定位柱固定；径向间隙2–4mm,轴向上提→横向移开→放盘,3,套筒完全离开定位柱并入盘,C,cuMotion+接触控制/遥操作,偏心上提导致卡滞,待建模/获取并资格验证；资产包编号不是现成资产ID,候选设计；未在pine_wm实现/验证,物体位姿;可夹尺寸族;质量/摩擦;障碍间距,自主扩展,,,待审,
T009,在限制高度下搬运长杆,A 抓取与稳定搬运,抓取泛化;几何适应;稳定搬运,L3,P1 能力扩展,K01;K23,长杆需通过低顶通道到另一侧,固定宽通道；保持单次抓取可完成,端部抓取→保持水平穿过→释放,3,杆完全位于终点区且未碰通道顶,M,cuMotion+抓放状态机,长杆扫掠体比TCP轨迹更大,待建模/获取并资格验证；资产包编号不是现成资产ID,候选设计；未在pine_wm实现/验证,物体位姿;可夹尺寸族;质量/摩擦;障碍间距,自主扩展,,,待审,
T010,把空托盘连同底座整体搬走,A 抓取与稳定搬运,抓取泛化;几何适应;稳定搬运,L3,P1 能力扩展,K20,两件松配叠合件中要求抓底座而非上盘,底座带单臂把手和浅止滑边,抓底座把手→整体提起→搬运→落位,4,底座和上盘均落在目标区且未分离掉落,M,cuMotion+抓放状态机,保持装配关系的搬运约束,待建模/获取并资格验证；资产包编号不是现成资产ID,候选设计；未在pine_wm实现/验证,物体位姿;可夹尺寸族;质量/摩擦;障碍间距,自主扩展,,,待审,
T011,扶正横倒的瓶子,B 姿态与空间关系,空间关系;姿态控制;重抓,L1,P0 首批40项,K02,瓶子横倒在桌面,刚性空瓶；夹持段直径35–60mm,侧抓→转竖直→放下,3,瓶底接触桌面且瓶轴倾角小于8度,M,cuMotion+抓放状态机,旋转时瓶口和桌面碰撞,待建模/获取并资格验证；资产包编号不是现成资产ID,候选设计；未在pine_wm实现/验证,初始姿态;参照物位姿;目标关系;重抓中转位,自主扩展,,,待审,
T012,翻面放置双面标牌,B 姿态与空间关系,空间关系;姿态控制;重抓,L1,P0 首批40项,K01;K31,指定图案面初始朝下的厚标牌,标牌带厚边；禁止靠改贴图实现翻面,边缘抓取→翻转180度→落位,3,指定面朝上且中心进入目标框,M,cuMotion+抓放状态机,目标面与物体坐标系标注,待建模/获取并资格验证；资产包编号不是现成资产ID,候选设计；未在pine_wm实现/验证,初始姿态;参照物位姿;目标关系;重抓中转位,自主扩展,,,待审,
T013,用重抓改变积木握持方向,B 姿态与空间关系,空间关系;姿态控制;重抓,L3,P1 能力扩展,K01;K23,初始夹持面不能完成终态插放,固定中转夹具充当支撑,第一次抓取→放中转V槽→换面抓取→入目标座,4,最终朝向误差小于8度且记录到释放重抓事件,M,cuMotion+抓放状态机,重抓前后的可达性需联合检查,待建模/获取并资格验证；资产包编号不是现成资产ID,候选设计；未在pine_wm实现/验证,初始姿态;参照物位姿;目标关系;重抓中转位,自主扩展,,,待审,
T014,把杯柄转向指定标记,B 姿态与空间关系,空间关系;姿态控制;重抓,L1,P0 首批40项,K02;K31,杯在杯垫上且杯柄随机偏航,杯身具有平行夹持面,抓杯身→提起旋转→原杯垫落位,3,杯底仍在原杯垫且柄方向误差小于10度,M,cuMotion+抓放状态机,旋转目标存在对称歧义,待建模/获取并资格验证；资产包编号不是现成资产ID,候选设计；未在pine_wm实现/验证,初始姿态;参照物位姿;目标关系;重抓中转位,自主扩展,,,待审,
T015,将长条贴齐直角定位边,B 姿态与空间关系,空间关系;姿态控制;重抓,L2,P0 首批40项,K01;K23,自由长条与固定L形挡边,L形挡边固定；接触面有圆角,搬运到角落→低速靠边→释放,3,两侧边距离挡边均小于3mm,C,cuMotion+接触控制/遥操作,双边接触与卡角,待建模/获取并资格验证；资产包编号不是现成资产ID,候选设计；未在pine_wm实现/验证,初始姿态;参照物位姿;目标关系;重抓中转位,自主扩展,,,待审,
T016,把物体放在两地标中点,B 姿态与空间关系,空间关系;姿态控制;重抓,L2,P0 首批40项,K01;K31,两枚可见地标位置随机变化,地标固定或质量足够；不以绝对桌面坐标代替关系,识别地标→搬运目标→放在中点,3,目标中心距两地标中点小于15mm,M,cuMotion+抓放状态机,关系目标随地标位置变化,待建模/获取并资格验证；资产包编号不是现成资产ID,候选设计；未在pine_wm实现/验证,初始姿态;参照物位姿;目标关系;重抓中转位,自主扩展,,,待审,
T017,将物体放在指定容器后方,B 姿态与空间关系,空间关系;姿态控制;重抓,L1,P0 首批40项,K01;K20,多个容器形成前后关系,明确前后为桌面坐标；不移动参照容器,解析指定参照物→绕行→放置,3,目标位于参照物世界+y侧指定矩形内,M,cuMotion+抓放状态机,语言坐标与相机坐标混淆,待建模/获取并资格验证；资产包编号不是现成资产ID,候选设计；未在pine_wm实现/验证,初始姿态;参照物位姿;目标关系;重抓中转位,自主扩展,,,待审,
T018,倾斜物体经支撑恢复平放,B 姿态与空间关系,空间关系;姿态控制;重抓,L2,P1 能力扩展,K01;K23,厚板斜靠支架且不可直接顶抓,支架固定；板长不超过160mm,夹露出边→绕支点受控放平→释放,3,厚板完全平放且支架保持原位,C,cuMotion+接触控制/遥操作,滚转接触与滑动转换,待建模/获取并资格验证；资产包编号不是现成资产ID,候选设计；未在pine_wm实现/验证,初始姿态;参照物位姿;目标关系;重抓中转位,自主扩展,,,待审,
T019,放置到倾斜托架,B 姿态与空间关系,空间关系;姿态控制;重抓,L2,P1 能力扩展,K02;K23,盒体需要对齐斜面支座,托架固定并带下缘止挡,抓取→调整俯仰→沿导向落位,3,盒体与斜面贴合且止挡挡住滑落,C,cuMotion+接触控制/遥操作,放手后的重力稳定性,待建模/获取并资格验证；资产包编号不是现成资产ID,候选设计；未在pine_wm实现/验证,初始姿态;参照物位姿;目标关系;重抓中转位,自主扩展,,,待审,
T020,绕障碍交换两物位置,B 姿态与空间关系,空间关系;姿态控制;重抓,L3,P1 能力扩展,K01;K23,两物目标位互换且中间有障碍,桌面预留中转位；禁止同时夹两物,把A移至中转位→B到A原位→A到B原位,3,两物分别进入对方初始目标位,M,cuMotion+抓放状态机,多次放置误差累积,待建模/获取并资格验证；资产包编号不是现成资产ID,候选设计；未在pine_wm实现/验证,初始姿态;参照物位姿;目标关系;重抓中转位,自主扩展,,,待审,
T021,直线推块到目标框,C 推拨与非抓取操纵,非抓取操纵;摩擦接触;几何推理,L1,P0 首批40项,K01,方块在高摩擦桌垫上,桌垫固定；推块无抓取动作,闭合夹爪接触侧面→推到框内→退出,3,块中心进入框且全过程未抬高超过5mm,C,cuMotion+接触控制/遥操作,静摩擦阈值与接触点,待建模/获取并资格验证；资产包编号不是现成资产ID,候选设计；未在pine_wm实现/验证,接触摩擦;推件位姿;目标方向;通道宽度,自主扩展,,,待审,
T022,推T形件同时对齐位置和方向,C 推拨与非抓取操纵,非抓取操纵;摩擦接触;几何推理,L3,P1 能力扩展,K01;K31,T形块与T形轮廓目标,T形块厚度15mm以上；允许重选接触点,分段推不同边→调平移和偏航→离开,3,平移误差小于10mm且偏航误差小于8度；未提起,C,cuMotion+接触控制/遥操作,平面摩擦和转动耦合,待建模/获取并资格验证；资产包编号不是现成资产ID,候选设计；未在pine_wm实现/验证,接触摩擦;推件位姿;目标方向;通道宽度,任务机制改编,Push T,https://robodojo-benchmark.com/doc/sim-tasks/push-t/,待审,
T023,把圆盘拨过弯道,C 推拨与非抓取操纵,非抓取操纵;摩擦接触;几何推理,L3,P1 能力扩展,K01;K23,圆盘沿L形宽导槽运动,导槽固定；用闭合夹爪作推头,推至转角→换接触方向→推到出口,3,圆盘到出口且未越过槽壁,C,cuMotion+接触控制/遥操作,拐角换向与卡边,待建模/获取并资格验证；资产包编号不是现成资产ID,候选设计；未在pine_wm实现/验证,接触摩擦;推件位姿;目标方向;通道宽度,自主扩展,,,待审,
T024,将滚轮滚入浅停泊槽,C 推拨与非抓取操纵,非抓取操纵;摩擦接触;几何推理,L3,P1 能力扩展,K01;K23,圆柱轮在可滚动方向自由运动,固定浅坡缓冲槽；禁止抓取轮,低速推动→控制滚动→停止在槽内,3,轮中心进槽且速度低于0.02m/s持续1秒,C,cuMotion+接触控制/遥操作,速度和摩擦随机化,待建模/获取并资格验证；资产包编号不是现成资产ID,候选设计；未在pine_wm实现/验证,接触摩擦;推件位姿;目标方向;通道宽度,自主扩展,,,待审,
T025,推多个散件形成紧凑簇,C 推拨与非抓取操纵,非抓取操纵;摩擦接触;几何推理,L3,P1 能力扩展,K01;K26,5颗方块散布于限定区域,挡边限制掉桌；用夹爪外壳推,选推边→多次归拢→退出,3,全部方块处于半径60mm圆内且无叠高,C,cuMotion+接触控制/遥操作,一次接触同时驱动多个物体,待建模/获取并资格验证；资产包编号不是现成资产ID,候选设计；未在pine_wm实现/验证,接触摩擦;推件位姿;目标方向;通道宽度,自主扩展,,,待审,
T026,沿墙滑动推件绕开障碍,C 推拨与非抓取操纵,非抓取操纵;摩擦接触;几何推理,L2,P1 能力扩展,K01;K23,薄盒在挡墙和障碍之间,固定墙与障碍；通道留足夹爪外壳间隙,从侧面推→沿墙导向→到达终点,3,盒到目标区且不越界、不提起,C,cuMotion+接触控制/遥操作,墙面摩擦与偏航累积,待建模/获取并资格验证；资产包编号不是现成资产ID,候选设计；未在pine_wm实现/验证,接触摩擦;推件位姿;目标方向;通道宽度,自主扩展,,,待审,
T027,把伸出桌边的托盘推回,C 推拨与非抓取操纵,非抓取操纵;摩擦接触;几何推理,L1,P0 首批40项,K20;K23,托盘部分悬伸于桌面内置模拟台阶,使用桌内台阶模拟边缘；托盘不需抓取,推托盘侧边→完全进入安全框,2,托盘投影完全被安全支撑面包含,C,cuMotion+接触控制/遥操作,支撑多边形与倾覆判定,待建模/获取并资格验证；资产包编号不是现成资产ID,候选设计；未在pine_wm实现/验证,接触摩擦;推件位姿;目标方向;通道宽度,自主扩展,,,待审,
T028,轻拨翻起带铰链小旗,C 推拨与非抓取操纵,非抓取操纵;摩擦接触;几何推理,L2,P1 能力扩展,K06,小旗平放但前缘可推,旗底座固定且有末端阻尼,闭合夹爪拨动→沿弧线推至竖起,2,小旗铰链角大于80度并保持1秒,C,cuMotion+接触控制/遥操作,接触法向随转动变化,待建模/获取并资格验证；资产包编号不是现成资产ID,候选设计；未在pine_wm实现/验证,接触摩擦;推件位姿;目标方向;通道宽度,自主扩展,,,待审,
T029,推动带孔块套住平面定位销,C 推拨与非抓取操纵,非抓取操纵;摩擦接触;几何推理,L4,P1 能力扩展,K03;K23,孔块位于平面而定位销水平伸出,固定水平销；孔径留2mm以上间隙,推块平移→小幅纠偏→套入销,3,销插入长度大于20mm且块未被夹持抬起,C,cuMotion+接触控制/遥操作,非抓取插接的接触状态不可直接控制,待建模/获取并资格验证；资产包编号不是现成资产ID,候选设计；未在pine_wm实现/验证,接触摩擦;推件位姿;目标方向;通道宽度,自主扩展,,,待审,
T030,从散堆边缘拨出单个目标,C 推拨与非抓取操纵,非抓取操纵;摩擦接触;几何推理,L3,P1 能力扩展,K01,目标半遮挡但有侧面可接触,固定堆料边框；仅目标需要移出,拨出目标→建立抓取空间→抓取放盘,3,目标入盘且出现先拨后抓阶段,C,cuMotion+接触控制/遥操作,拨动可能压紧而非解开遮挡,待建模/获取并资格验证；资产包编号不是现成资产ID,候选设计；未在pine_wm实现/验证,接触摩擦;推件位姿;目标方向;通道宽度,自主扩展,,,待审,
T031,搭建稳定积木柱,D 堆叠嵌套与支撑结构,支撑稳定;接触装配;多步操作,L2,P0 首批40项,K01,3–5块不同长宽的刚体块,无需夹具；目标数量是随机化参数,选择稳定次序→逐层对齐放置,2,全部目标形成单塔且释放后2秒不倒,M,cuMotion+抓放状态机,重心与接触面积,待建模/获取并资格验证；资产包编号不是现成资产ID,候选设计；未在pine_wm实现/验证,起始分布;部件尺寸族;质量比;抓点,自主扩展,,,待审,
T032,搭建两支点桥梁,D 堆叠嵌套与支撑结构,支撑稳定;接触装配;多步操作,L3,P1 能力扩展,K01,两立柱和一根横梁,横梁长120–180mm；不固定柱,放两立柱→横梁同时搭接两端,2,横梁与两柱均接触且桥下净空大于30mm,M,cuMotion+抓放状态机,横梁落位对两侧同时约束,待建模/获取并资格验证；资产包编号不是现成资产ID,候选设计；未在pine_wm实现/验证,起始分布;部件尺寸族;质量比;抓点,自主扩展,,,待审,
T033,搭建三角形积木墙,D 堆叠嵌套与支撑结构,支撑稳定;接触装配;多步操作,L3,P1 能力扩展,K01,楔块与矩形块构成目标轮廓,任务目标用已知可搭建模板,摆底层→错缝叠上层→补顶块,3,结构轮廓匹配率大于90%且稳定2秒,M,cuMotion+抓放状态机,不能把形状变化简化为塔高变化,待建模/获取并资格验证；资产包编号不是现成资产ID,候选设计；未在pine_wm实现/验证,起始分布;部件尺寸族;质量比;抓点,自主扩展,,,待审,
T034,将不同尺寸空碗嵌套,D 堆叠嵌套与支撑结构,支撑稳定;接触装配;多步操作,L3,P0 首批40项,K02,3个开口碗尺寸不同且次序随机,碗沿设计夹持凸缘；保留壳体碰撞,比较大小→依次嵌套→释放,3,小碗位于大碗内部且均开口朝上,C,cuMotion+接触控制/遥操作,薄壁碰撞和边缘相互卡住,待建模/获取并资格验证；资产包编号不是现成资产ID,候选设计；未在pine_wm实现/验证,起始分布;部件尺寸族;质量比;抓点,目录级启发,Stack Bowls,https://robodojo-benchmark.com/doc/sim-tasks/,待审,
T035,把套环叠到锥形柱,D 堆叠嵌套与支撑结构,支撑稳定;接触装配;多步操作,L3,P1 能力扩展,K03;K28,3个不同内径刚性环与锥柱,柱底固定；环外侧可夹,按内径选环→逐个穿柱→落到底层,3,全部环套在柱上且大环在下,C,cuMotion+接触控制/遥操作,直径与可达高度联合约束,待建模/获取并资格验证；资产包编号不是现成资产ID,候选设计；未在pine_wm实现/验证,起始分布;部件尺寸族;质量比;抓点,目录级启发,Play Stacking Toy,https://robodojo-benchmark.com/doc/sim-tasks/,待审,
T036,把杯子倒扣搭成金字塔,D 堆叠嵌套与支撑结构,支撑稳定;接触装配;多步操作,L4,P1 能力扩展,K02,轻质刚性杯与指定2+1结构,杯体用可稳定接触的平底与凸缘,倒扣底层两杯→上杯跨接,2,上杯由两底杯共同支撑且结构稳定2秒,M,cuMotion+抓放状态机,薄壁接触和窄支撑区域,待建模/获取并资格验证；资产包编号不是现成资产ID,候选设计；未在pine_wm实现/验证,起始分布;部件尺寸族;质量比;抓点,自主扩展,,,待审,
T037,对齐堆放带定位唇托盘,D 堆叠嵌套与支撑结构,支撑稳定;接触装配;多步操作,L2,P0 首批40项,K20,3个带浅定位边的空托盘,每盘配单臂可抓把手,单柄抓取→按方向堆叠→轻压落座,3,三盘均落入下盘定位边且无倾斜悬挂,C,cuMotion+接触控制/遥操作,边唇嵌套与工具侧碰撞,待建模/获取并资格验证；资产包编号不是现成资产ID,候选设计；未在pine_wm实现/验证,起始分布;部件尺寸族;质量比;抓点,自主扩展,,,待审,
T038,从塔顶逐件拆卸并入盒,D 堆叠嵌套与支撑结构,支撑稳定;接触装配;多步操作,L3,P0 首批40项,K01;K20,已搭建积木塔和空盒,只能自顶向下；禁止推倒整塔,取顶块→放盒→重复到清空,3,全部积木在盒内且拆卸前剩余塔未倒塌,M,cuMotion+抓放状态机,记录剩余结构稳定性,待建模/获取并资格验证；资产包编号不是现成资产ID,候选设计；未在pine_wm实现/验证,起始分布;部件尺寸族;质量比;抓点,自主扩展,,,待审,
T039,抽取桥下垫块且保留桥,D 堆叠嵌套与支撑结构,支撑稳定;接触装配;多步操作,L4,P1 能力扩展,K01;K23,横梁已有两端支撑，中间有松动垫块,确保垫块非承重且有退出间隙,侧夹中间垫块→水平退出→入盘,3,垫块入盘且桥梁高度变化小于5mm,C,cuMotion+接触控制/遥操作,不能把不可行承重抽取当作同一任务,待建模/获取并资格验证；资产包编号不是现成资产ID,候选设计；未在pine_wm实现/验证,起始分布;部件尺寸族;质量比;抓点,自主扩展,,,待审,
T040,搭建带偏置的配重结构,D 堆叠嵌套与支撑结构,支撑稳定;接触装配;多步操作,L4,P1 能力扩展,K01,长梁、支撑块和配重块,限于预验证质量比；单臂逐件放置,放支撑→摆梁→在短端加配重,3,梁指定长端悬伸且静态稳定2秒,M,cuMotion+抓放状态机,质量分布改变可行结构,待建模/获取并资格验证；资产包编号不是现成资产ID,候选设计；未在pine_wm实现/验证,起始分布;部件尺寸族;质量比;抓点,自主扩展,,,待审,
T041,拉开USDcraft抽屉,E 抽屉与直线关节,直线关节;接触控制;状态闭环,L2,P0 首批40项,K04,已验证USDcraft单抽屉资产,固定柜体；复用pine_wm当前已验证布局,抓球形把手→沿滑轨拉出→保持,3,carcass_to_drawer_fascia大于75mm且柜体不移动,C,cuMotion+接触控制/遥操作,当前4条验证成功；批量成功率仍待统计,现有USDcraft抽屉；本操作除T041外仍需实现,已完成小样本：固定1/1+随机3/3；未完成批量资格验证,柜体XY/偏航;初始开度;轨道摩擦;目标行程,本地已实现,USDcraft open drawer,pine_wm.md#usdcraft-drawer-collection,待审,
T042,推闭已打开的抽屉,E 抽屉与直线关节,直线关节;接触控制;状态闭环,L1,P0 首批40项,K04,USDcraft抽屉初始开度80–120mm,固定柜体；允许推面板不用夹把手,接触抽屉面板→推回→撤离,3,滑轨剩余开度小于5mm且稳定1秒,C,cuMotion+接触控制/遥操作,关节止挡冲击与反弹,现有USDcraft抽屉；本操作除T041外仍需实现,候选设计；未在pine_wm实现/验证,柜体XY/偏航;初始开度;轨道摩擦;目标行程,自主扩展,,,待审,
T043,把抽屉停在指定开度,E 抽屉与直线关节,直线关节;接触控制;状态闭环,L3,P0 首批40项,K04,目标开度由标记或指令给出,目标区间20–100mm；柜体固定,抓把手→拉到目标→释放,3,最终开度误差小于5mm并保持1秒,C,cuMotion+接触控制/遥操作,终态需要视觉或关节状态闭环,现有USDcraft抽屉；本操作除T041外仍需实现,候选设计；未在pine_wm实现/验证,柜体XY/偏航;初始开度;轨道摩擦;目标行程,自主扩展,,,待审,
T044,从打开的抽屉取出物品,E 抽屉与直线关节,直线关节;接触控制;状态闭环,L2,P0 首批40项,K04;K01,抽屉预先打开且有单个可抓物,确保抽屉内净宽和腕部相机间隙足够,越过面板→抓物→取出放盘,3,目标入盘且抽屉仍在指定开放范围,M,cuMotion+抓放状态机,腕部外壳扫过抽屉边缘,部分现有：USDcraft抽屉；其他配套按本行新增,候选设计；未在pine_wm实现/验证,柜体XY/偏航;初始开度;轨道摩擦;目标行程,自主扩展,,,待审,
T045,把物品放进抽屉再关上,E 抽屉与直线关节,直线关节;接触控制;状态闭环,L3,P0 首批40项,K04;K01,打开的空抽屉与桌面物品,物体高度低于内腔净高,拾物入屉→释放退出→推闭,3,物体在抽屉内且开度小于5mm,C,cuMotion+接触控制/遥操作,内物与上板接触导致关不上,部分现有：USDcraft抽屉；其他配套按本行新增,候选设计；未在pine_wm实现/验证,柜体XY/偏航;初始开度;轨道摩擦;目标行程,自主扩展,,,待审,
T046,在双层柜选择指定抽屉,E 抽屉与直线关节,直线关节;接触控制;状态闭环,L3,P1 能力扩展,K05;K31,上下两个独立滑轨和层标识,缩小为桌面柜；固定柜体,识别层号→只拉目标层,2,目标层开度大于80%；另一层变化小于3mm,C,cuMotion+接触控制/遥操作,识别与相邻把手干涉,待建模/获取并资格验证；资产包编号不是现成资产ID,候选设计；未在pine_wm实现/验证,柜体XY/偏航;初始开度;轨道摩擦;目标行程,自主扩展,,,待审,
T047,拉出水平抽拉托板,E 抽屉与直线关节,直线关节;接触控制;状态闭环,L2,P0 首批40项,K05,浅托板上有松放物体,托板底座固定；有终端止挡,抓前缘把手→匀速拉出→停止,3,托板开度大于80%且载物未掉落,C,cuMotion+接触控制/遥操作,载物惯性与止挡碰撞,待建模/获取并资格验证；资产包编号不是现成资产ID,候选设计；未在pine_wm实现/验证,柜体XY/偏航;初始开度;轨道摩擦;目标行程,自主扩展,,,待审,
T048,移动滑轨游标到刻度,E 抽屉与直线关节,直线关节;接触控制;状态闭环,L2,P1 能力扩展,K05;K31,水平直线导轨与可夹游标,轨道固定；刻度作为可见输入,夹游标→沿轨移动→对齐刻度,3,游标位置距目标刻度小于3mm,C,cuMotion+接触控制/遥操作,小行程精度和静摩擦,待建模/获取并资格验证；资产包编号不是现成资产ID,候选设计；未在pine_wm实现/验证,柜体XY/偏航;初始开度;轨道摩擦;目标行程,自主扩展,,,待审,
T049,抬起并保持竖直滑门,E 抽屉与直线关节,直线关节;接触控制;状态闭环,L2,P1 能力扩展,K05,带配重或阻尼的桌面闸门,固定门框；配置保持机构而非让机器人悬持,抓门把→竖直提起→到位释放,3,门达到80%行程且释放后保持1秒,C,cuMotion+接触控制/遥操作,重力负载和真实保持机制,待建模/获取并资格验证；资产包编号不是现成资产ID,候选设计；未在pine_wm实现/验证,柜体XY/偏航;初始开度;轨道摩擦;目标行程,自主扩展,,,待审,
T050,打开伸缩收纳盒至第二档,E 抽屉与直线关节,直线关节;接触控制;状态闭环,L4,P1 能力扩展,K05,两级套叠滑轨与机械档位,固定最外壳；每级设可抓把手,拉第一节→换抓点→拉第二节,3,两滑轨分别进入指定档位范围,C,cuMotion+接触控制/遥操作,多滑轨耦合和中间状态识别,待建模/获取并资格验证；资产包编号不是现成资产ID,候选设计；未在pine_wm实现/验证,柜体XY/偏航;初始开度;轨道摩擦;目标行程,自主扩展,,,待审,
T051,打开桌面铰链柜门,F 门盖与锁扣,转动关节;锁扣机制;顺序约束,L2,P0 首批40项,K06,侧开小柜门带竖直把手,柜体固定；开门弧不超出工作区,抓把手→沿圆弧打开→释放,3,铰链角大于70度且门保持1秒,C,cuMotion+接触控制/遥操作,弧线跟随与把手滑脱,待建模/获取并资格验证；资产包编号不是现成资产ID,候选设计；未在pine_wm实现/验证,初始门盖角;阻尼;把手形式;柜体位姿,自主扩展,,,待审,
T052,合上桌面柜门,F 门盖与锁扣,转动关节;锁扣机制;顺序约束,L1,P0 首批40项,K06,柜门初始开启且有软止挡,固定柜体；避免需要同时按锁舌,推门面→沿弧闭合→撤离,3,门角小于5度且无明显回弹,C,cuMotion+接触控制/遥操作,末端靠近门缝产生夹持碰撞,待建模/获取并资格验证；资产包编号不是现成资产ID,候选设计；未在pine_wm实现/验证,初始门盖角;阻尼;把手形式;柜体位姿,自主扩展,,,待审,
T053,翻开带把手的盒盖,F 门盖与锁扣,转动关节;锁扣机制;顺序约束,L2,P0 首批40项,K06,后侧铰链盒盖带阻尼,盒体固定；保持铰链或开盖止挡,抓前把手→掀开→越过保持角,3,盖角大于100度并保持,C,cuMotion+接触控制/遥操作,转动轴不与视觉铰链一致,待建模/获取并资格验证；资产包编号不是现成资产ID,候选设计；未在pine_wm实现/验证,初始门盖角;阻尼;把手形式;柜体位姿,自主扩展,,,待审,
T054,盖上可拆卸容器盖,F 门盖与锁扣,转动关节;锁扣机制;顺序约束,L1,P0 首批40项,K20;K30,盒体固定、盖子独立放置,盒底固定；先不包含卡扣压装,取盖→辨方向→对齐边框落下,3,盖沿四边落座且高度误差小于3mm,C,cuMotion+接触控制/遥操作,盖与盒沿嵌合碰撞,待建模/获取并资格验证；资产包编号不是现成资产ID,候选设计；未在pine_wm实现/验证,初始门盖角;阻尼;把手形式;柜体位姿,自主扩展,,,待审,
T055,解除搭扣后掀开箱盖,F 门盖与锁扣,转动关节;锁扣机制;顺序约束,L4,P1 能力扩展,K06,带单个翻转搭扣的小箱,箱底固定；搭扣需可保持解锁状态,掀搭扣→释放换抓盖柄→打开,3,搭扣解锁且盖角大于90度；顺序正确,C,cuMotion+接触控制/遥操作,锁扣状态必须物理限制盖运动,待建模/获取并资格验证；资产包编号不是现成资产ID,候选设计；未在pine_wm实现/验证,初始门盖角;阻尼;把手形式;柜体位姿,自主扩展,,,待审,
T056,拨动插销再开小门,F 门盖与锁扣,转动关节;锁扣机制;顺序约束,L4,P1 能力扩展,K06,横插销锁住侧开门,门框固定；两个操作可顺序执行,夹插销头→拉退→抓门把开门,3,插销退出锁孔且门角大于60度,C,cuMotion+接触控制/遥操作,插销与锁孔接触建模,待建模/获取并资格验证；资产包编号不是现成资产ID,候选设计；未在pine_wm实现/验证,初始门盖角;阻尼;把手形式;柜体位姿,自主扩展,,,待审,
T057,翻转两个独立盒翼,F 门盖与锁扣,转动关节;锁扣机制;顺序约束,L3,P1 能力扩展,K06;K20,双翼硬盒盖互不锁合,固定盒底；每翼有独立把手,打开左翼→打开右翼→撤离,3,两盖角均大于90度,C,cuMotion+接触控制/遥操作,第一翼不得挡住第二翼抓点,待建模/获取并资格验证；资产包编号不是现成资产ID,候选设计；未在pine_wm实现/验证,初始门盖角;阻尼;把手形式;柜体位姿,自主扩展,,,待审,
T058,将支撑杆落入撑盖槽,F 门盖与锁扣,转动关节;锁扣机制;顺序约束,L4,P1 能力扩展,K06;K03,盒盖预开且支撑杆带转轴,初始盖靠可释放临时止挡保持,抓撑杆→绕轴抬起→插入盖槽,3,杆端进入槽且盖由杆支撑保持,C,cuMotion+接触控制/遥操作,需要明确临时止挡释放事件,待建模/获取并资格验证；资产包编号不是现成资产ID,候选设计；未在pine_wm实现/验证,初始门盖角;阻尼;把手形式;柜体位姿,自主扩展,,,待审,
T059,关闭并扣紧工具箱,F 门盖与锁扣,转动关节;锁扣机制;顺序约束,L4,P1 能力扩展,K27,工具箱预开、搭扣可抓,箱体固定；锁扣用真实约束或验证后的关节联动,合盖→翻搭扣→压入锁定位,3,盖闭合且搭扣锁定，轻微扰动下不打开,C,cuMotion+接触控制/遥操作,仅靠角度不能证明锁住,待建模/获取并资格验证；资产包编号不是现成资产ID,候选设计；未在pine_wm实现/验证,初始门盖角;阻尼;把手形式;柜体位姿,自主扩展,,,待审,
T060,把带孔挂牌挂上门后钩,F 门盖与锁扣,转动关节;锁扣机制;顺序约束,L3,P1 能力扩展,K06;K28,门保持打开，背面有固定挂钩,门带保持机构；挂牌孔大于钩径,绕门侧→对准挂牌孔→挂上释放,3,挂牌由挂钩支撑且稳定2秒,C,cuMotion+接触控制/遥操作,门后遮挡与腕部相机观察,待建模/获取并资格验证；资产包编号不是现成资产ID,候选设计；未在pine_wm实现/验证,初始门盖角;阻尼;把手形式;柜体位姿,自主扩展,,,待审,
T061,按下吐司机压杆,G 按压旋钮与设备控制,按压旋转;设备状态;时序触发,L3,P0 首批40项,K08,USDcraft吐司机固定在台座,先验证pine_wm腕部支架与压杆间隙,定位压杆→倾斜工具→竖直按下,3,carriage_slide超过行程75%,C,cuMotion+接触控制/遥操作,RR压杆轨迹不能原样复用,部分现有：RR吐司机；pine_wm驱动/其余配套待实现,候选设计；未在pine_wm实现/验证,初始档位;触发阈值;目标角;指令顺序/持续时间,自主扩展,,,待审,
T062,旋转吐司机旋钮到标线,G 按压旋钮与设备控制,按压旋转;设备状态;时序触发,L2,P0 首批40项,K08;K31,有可夹旋钮和可见角度标记,吐司机固定；旋钮关节需有阻尼,夹旋钮→分段转动→松开,3,旋钮指针距目标角小于8度,C,cuMotion+接触控制/遥操作,夹爪与设备壳体干涉,部分现有：RR吐司机；pine_wm驱动/其余配套待实现,候选设计；未在pine_wm实现/验证,初始档位;触发阈值;目标角;指令顺序/持续时间,自主扩展,,,待审,
T063,按下单个大按钮,G 按压旋钮与设备控制,按压旋转;设备状态;时序触发,L1,P0 首批40项,K07,大行程回弹按钮模块,模块固定；按钮直径25mm以上,对准→按下至触发→撤离,3,按钮真实行程越阈值且触发一次,C,cuMotion+接触控制/遥操作,触发应依赖关节状态而非TCP接近,待建模/获取并资格验证；资产包编号不是现成资产ID,候选设计；未在pine_wm实现/验证,初始档位;触发阈值;目标角;指令顺序/持续时间,自主扩展,,,待审,
T064,拨动翘板开关到指定状态,G 按压旋钮与设备控制,按压旋转;设备状态;时序触发,L1,P0 首批40项,K07,二稳态翘板开关,底座固定；设置二稳态或等效验证机构,按目标侧→越过中位→撤离,3,开关处于指定稳定角度区间,C,cuMotion+接触控制/遥操作,弹性回弹和中间死区,待建模/获取并资格验证；资产包编号不是现成资产ID,候选设计；未在pine_wm实现/验证,初始档位;触发阈值;目标角;指令顺序/持续时间,自主扩展,,,待审,
T065,把拨杆切换到指定档位,G 按压旋钮与设备控制,按压旋转;设备状态;时序触发,L2,P0 首批40项,K07;K31,三档短拨杆和档位标签,固定底座；各档有可辨识机械区间,夹或推拨杆→进入档位→释放,3,关节处于目标档且其他档未误触,C,cuMotion+接触控制/遥操作,视觉标签与离散关节状态映射,待建模/获取并资格验证；资产包编号不是现成资产ID,候选设计；未在pine_wm实现/验证,初始档位;触发阈值;目标角;指令顺序/持续时间,自主扩展,,,待审,
T066,转动手轮完成阀门开度,G 按压旋钮与设备控制,按压旋转;设备状态;时序触发,L3,P1 能力扩展,K07,小手轮连接限位转轴,手轮直径50–80mm；底座固定,抓轮缘→转动→必要时换抓,3,轴角到目标区间且手轮不脱落,C,cuMotion+接触控制/遥操作,关节行程超过单次腕部可转角,待建模/获取并资格验证；资产包编号不是现成资产ID,候选设计；未在pine_wm实现/验证,初始档位;触发阈值;目标角;指令顺序/持续时间,自主扩展,,,待审,
T067,按压泵头计数三次,G 按压旋钮与设备控制,按压旋转;设备状态;时序触发,L3,P1 能力扩展,K07;K30,空泵瓶与回弹泵头,瓶底固定；次数作为episode输入,按下→完全回弹→重复到指定次数,3,完整上下循环次数等于指令值,C,cuMotion+接触控制/遥操作,半程抖动不能重复计数,待建模/获取并资格验证；资产包编号不是现成资产ID,候选设计；未在pine_wm实现/验证,初始档位;触发阈值;目标角;指令顺序/持续时间,自主扩展,,,待审,
T068,按住按钮同时经过定时状态,G 按压旋钮与设备控制,按压旋转;设备状态;时序触发,L3,P1 能力扩展,K07;K19,长按触发的计时按钮,底座固定；反馈灯公开给相机,持续下压→等到灯亮→松开,3,连续压下达到指定时长且触发状态正确,C,cuMotion+接触控制/遥操作,单帧触发不能替代持续时间,待建模/获取并资格验证；资产包编号不是现成资产ID,候选设计；未在pine_wm实现/验证,初始档位;触发阈值;目标角;指令顺序/持续时间,自主扩展,,,待审,
T069,拉动大型急停旋钮复位,G 按压旋钮与设备控制,按压旋转;设备状态;时序触发,L2,P1 能力扩展,K07,带轴向复位行程的蘑菇形旋钮模型,使用桌面模型；底座固定,夹旋钮下缘→轴向拉起→释放,3,旋钮进入复位高度并保持,C,cuMotion+接触控制/遥操作,轴向抓持与相机支架碰撞,待建模/获取并资格验证；资产包编号不是现成资产ID,候选设计；未在pine_wm实现/验证,初始档位;触发阈值;目标角;指令顺序/持续时间,自主扩展,,,待审,
T070,依照面板流程设置设备,G 按压旋钮与设备控制,按压旋转;设备状态;时序触发,L4,P1 能力扩展,K07;K19,旋钮、拨杆和确认按钮组成面板,面板固定；目标通过可见标签或指令提供,旋钮设档→拨杆选模式→按确认,3,三子状态与目标一致且确认发生在最后,C,cuMotion+接触控制/遥操作,事件顺序而非终态角度组合,待建模/获取并资格验证；资产包编号不是现成资产ID,候选设计；未在pine_wm实现/验证,初始档位;触发阈值;目标角;指令顺序/持续时间,自主扩展,,,待审,
T071,圆柱销插入圆孔,H 孔槽插入与精密放置,精密对齐;插入接触;姿态控制,L2,P0 首批40项,K03,竖直圆孔板与圆柱销,孔板固定；先用1–2mm径向间隙,抓销→粗对准→低速插入→释放,4,插入深度大于20mm且轴偏差小于3度,C,cuMotion+接触控制/遥操作,接触卡滞与过大容差作弊,待建模/获取并资格验证；资产包编号不是现成资产ID,候选设计；未在pine_wm实现/验证,孔位;插入方向;配合间隙;抓取误差,自主扩展,,,待审,
T072,方销插入方孔,H 孔槽插入与精密放置,精密对齐;插入接触;姿态控制,L3,P0 首批40项,K03,方截面销和对应孔,孔板固定；不能把方孔当包围盒重叠判成功,调整偏航→对孔→插入,3,插入深度大于20mm且未顶起孔板,C,cuMotion+接触控制/遥操作,平移与偏航同时精对齐,待建模/获取并资格验证；资产包编号不是现成资产ID,候选设计；未在pine_wm实现/验证,孔位;插入方向;配合间隙;抓取误差,自主扩展,,,待审,
T073,钥匙形块插入异形孔,H 孔槽插入与精密放置,精密对齐;插入接触;姿态控制,L3,P1 能力扩展,K03,非对称轮廓插块和键控孔,放大玩具级键槽；抓持柄宽15mm,识别唯一方向→旋转→插入,3,键控段完全进入且方向正确,C,cuMotion+接触控制/遥操作,异形凹碰撞体构建,待建模/获取并资格验证；资产包编号不是现成资产ID,候选设计；未在pine_wm实现/验证,孔位;插入方向;配合间隙;抓取误差,自主扩展,,,待审,
T074,将长管插入倾斜孔座,H 孔槽插入与精密放置,精密对齐;插入接触;姿态控制,L3,P1 能力扩展,K03;K23,固定倾斜套筒与刚性管,套筒固定；管长不超过150mm,调整俯仰→沿孔轴插入→释放,3,轴向进入30mm且管由孔座稳定支撑,C,cuMotion+接触控制/遥操作,斜向接触与工具侧面空间,待建模/获取并资格验证；资产包编号不是现成资产ID,候选设计；未在pine_wm实现/验证,孔位;插入方向;配合间隙;抓取误差,自主扩展,,,待审,
T075,竖直卡片插入狭槽,H 孔槽插入与精密放置,精密对齐;插入接触;姿态控制,L3,P1 能力扩展,K03;K31,厚卡片与固定投递槽,卡片带可抓边；厚度与碰撞体一致,抓厚边→将卡片竖起→插到止挡,3,卡片深度大于30mm且平面朝向误差小于5度,C,cuMotion+接触控制/遥操作,薄片与槽口分辨率,待建模/获取并资格验证；资产包编号不是现成资产ID,候选设计；未在pine_wm实现/验证,孔位;插入方向;配合间隙;抓取误差,自主扩展,,,待审,
T076,将圆片投入竖直投币口,H 孔槽插入与精密放置,精密对齐;插入接触;姿态控制,L3,P0 首批40项,K03,带抓耳圆片和桌面收集盒,投币盒固定；圆片尺寸适配夹爪,抓片→对齐竖槽→释放投入,3,圆片通过槽口进入盒内而非停在外沿,C,cuMotion+接触控制/遥操作,需要穿越事件及内部包含判定,待建模/获取并资格验证；资产包编号不是现成资产ID,候选设计；未在pine_wm实现/验证,孔位;插入方向;配合间隙;抓取误差,目录级启发,Deposit Coin,https://robodojo-benchmark.com/doc/sim-tasks/,待审,
T077,双销同时插入孔板,H 孔槽插入与精密放置,精密对齐;插入接触;姿态控制,L4,P1 能力扩展,K03;K11,带两平行销的刚性桥形件,孔板固定；两孔中心距和销距匹配,对齐两个孔→保持姿态→同步插入,3,两销深度均大于15mm,C,cuMotion+接触控制/遥操作,双约束插入对刚度和间隙敏感,待建模/获取并资格验证；资产包编号不是现成资产ID,候选设计；未在pine_wm实现/验证,孔位;插入方向;配合间隙;抓取误差,自主扩展,,,待审,
T078,把钥匙插进锁芯后转动,H 孔槽插入与精密放置,精密对齐;插入接触;姿态控制,L4,P1 能力扩展,K03;K06,大号模型钥匙和固定锁芯,钥匙柄可夹；固定锁体,正确朝向插入→转动到解锁角,2,钥匙插深达阈值且锁芯转到解锁区,C,cuMotion+接触控制/遥操作,插入前不得允许空转解锁,待建模/获取并资格验证；资产包编号不是现成资产ID,候选设计；未在pine_wm实现/验证,孔位;插入方向;配合间隙;抓取误差,目录级启发,Insert Key,https://robodojo-benchmark.com/doc/sim-tasks/,待审,
T079,将挂钩穿入窄环,H 孔槽插入与精密放置,精密对齐;插入接触;姿态控制,L4,P1 能力扩展,K03;K28,手持J形钩与竖立固定环,固定环；钩柄适配夹爪,转钩尖穿环→调整姿态→悬挂,3,环进入钩弯内部且释放后挂住,C,cuMotion+接触控制/遥操作,需要弧形扫掠路径而非直线插入,待建模/获取并资格验证；资产包编号不是现成资产ID,候选设计；未在pine_wm实现/验证,孔位;插入方向;配合间隙;抓取误差,自主扩展,,,待审,
T080,精放异形零件到轮廓巢穴,H 孔槽插入与精密放置,精密对齐;插入接触;姿态控制,L3,P1 能力扩展,K03;K11,L形件与浅轮廓装配穴,槽穴固定；先用0.8–1.5mm侧隙,识别朝向→抓取→轮廓对准落位,3,件底落在槽底且偏航误差小于3度,C,cuMotion+接触控制/遥操作,分解凸碰撞可能抹掉凹轮廓,待建模/获取并资格验证；资产包编号不是现成资产ID,候选设计；未在pine_wm实现/验证,孔位;插入方向;配合间隙;抓取误差,自主扩展,,,待审,
T081,插入直插圆形连接头,I 接插件与螺纹连接,接插件;保持约束;螺旋运动,L3,P1 能力扩展,K09,带粗握柄的圆头和固定插座,插座固定；初版不带柔性线尾,抓握柄→沿轴对准→推进,3,插接深度达额定模型行程90%,C,cuMotion+接触控制/遥操作,插座壳体与插针接触几何,待建模/获取并资格验证；资产包编号不是现成资产ID,候选设计；未在pine_wm实现/验证,接头姿态;保持力;间隙;螺距/档位（只在已验证模型族内）,自主扩展,,,待审,
T082,拔出带摩擦保持的插头,I 接插件与螺纹连接,接插件;保持约束;螺旋运动,L3,P1 能力扩展,K09,已插入的无锁扣连接头,固定插座；设有限轴向保持力,夹握柄→沿轴拉出→放支架,3,插头完全脱离且插座保持原位,C,cuMotion+接触控制/遥操作,静摩擦突破后的速度控制,待建模/获取并资格验证；资产包编号不是现成资产ID,候选设计；未在pine_wm实现/验证,接头姿态;保持力;间隙;螺距/档位（只在已验证模型族内）,自主扩展,,,待审,
T083,对准防呆接头再插接,I 接插件与螺纹连接,接插件;保持约束;螺旋运动,L4,P1 能力扩展,K09,D形截面的键控连接头,固定插座；可抓端直径20mm以上,辨别平面→调整偏航→插接,3,方向正确且插入深度超过阈值,C,cuMotion+接触控制/遥操作,视觉对称性与防呆误插,待建模/获取并资格验证；资产包编号不是现成资产ID,候选设计；未在pine_wm实现/验证,接头姿态;保持力;间隙;螺距/档位（只在已验证模型族内）,自主扩展,,,待审,
T084,按解锁片后拔接头,I 接插件与螺纹连接,接插件;保持约束;螺旋运动,L5,P2 研发后再批量,K09;K23,插头握柄与释放片可同侧接触,专用宽夹爪接触块可同时压片和夹柄；需新增附件,压住释放片→使用组合握持拉出→释放,3,解锁事件先于插头脱离,C,cuMotion+接触控制/遥操作,单夹爪同时约束的可实现性需先打样,待建模/获取并资格验证；资产包编号不是现成资产ID,候选设计；未在pine_wm实现/验证,接头姿态;保持力;间隙;螺距/档位（只在已验证模型族内）,自主扩展,,,待审,
T085,插上再旋转锁定卡口,I 接插件与螺纹连接,接插件;保持约束;螺旋运动,L4,P1 能力扩展,K10,两耳卡口件和L槽底座,底座固定；真实槽约束,轴向插入→旋转约90度→松开,3,卡耳进入横槽且上提小扰动不脱离,C,cuMotion+接触控制/遥操作,卡口路径与啮合判定,待建模/获取并资格验证；资产包编号不是现成资产ID,候选设计；未在pine_wm实现/验证,接头姿态;保持力;间隙;螺距/档位（只在已验证模型族内）,自主扩展,,,待审,
T086,给固定瓶旋上粗牙瓶盖,I 接插件与螺纹连接,接插件;保持约束;螺旋运动,L5,P2 研发后再批量,K10;K30,瓶体固定，粗螺纹盖可抓,瓶体夹在固定座；允许放手重抓盖,盖放正→轻压对牙→分段旋转,3,盖高度和累计转角符合螺距且保持,C,cuMotion+接触控制/遥操作,需验证螺纹接触或可信螺旋关节模型,待建模/获取并资格验证；资产包编号不是现成资产ID,候选设计；未在pine_wm实现/验证,接头姿态;保持力;间隙;螺距/档位（只在已验证模型族内）,自主扩展,,,待审,
T087,从固定瓶旋下瓶盖,I 接插件与螺纹连接,接插件;保持约束;螺旋运动,L5,P2 研发后再批量,K10;K30,已旋紧但力矩可控的模型瓶盖,瓶体固定；与旋上任务共享螺纹资产,抓盖→反转多段→脱扣提起→放盘,4,达到规定反转角且盖真正脱离瓶口,C,cuMotion+接触控制/遥操作,螺纹解耦时机与转角积分,待建模/获取并资格验证；资产包编号不是现成资产ID,候选设计；未在pine_wm实现/验证,接头姿态;保持力;间隙;螺距/档位（只在已验证模型族内）,自主扩展,,,待审,
T088,用手柄拧紧桌面蝶形螺母,I 接插件与螺纹连接,接插件;保持约束;螺旋运动,L4,P1 能力扩展,K10;K23,竖直固定螺柱与大蝶形螺母,螺柱底固定；蝶翼可由平行夹爪夹住,夹蝶翼→旋转→重抓→到止挡,4,螺母到目标高度且转角与螺距一致,C,cuMotion+接触控制/遥操作,同一转轴多次重抓,待建模/获取并资格验证；资产包编号不是现成资产ID,候选设计；未在pine_wm实现/验证,接头姿态;保持力;间隙;螺距/档位（只在已验证模型族内）,自主扩展,,,待审,
T089,插入并扣紧大号插扣,I 接插件与螺纹连接,接插件;保持约束;螺旋运动,L4,P1 能力扩展,K09;K16,背包式刚性插扣母端固定,初版用关节卡舌模型；布带端固定,夹公端→对准→推进卡合,3,卡舌跨过止挡且轻拉不脱开,C,cuMotion+接触控制/遥操作,仅重叠不能视为卡扣锁定,待建模/获取并资格验证；资产包编号不是现成资产ID,候选设计；未在pine_wm实现/验证,接头姿态;保持力;间隙;螺距/档位（只在已验证模型族内）,自主扩展,,,待审,
T090,拆下磁吸式接头,I 接插件与螺纹连接,接插件;保持约束;螺旋运动,L3,P1 能力扩展,K09,接头靠可建模吸附力保持,固定底座；吸附力参数公开记录,抓握柄→沿指定方向分离→归位,3,连接约束解除且接头入盘,C,cuMotion+接触控制/遥操作,约束解除不能由脚本任意触发,待建模/获取并资格验证；资产包编号不是现成资产ID,候选设计；未在pine_wm实现/验证,接头姿态;保持力;间隙;螺距/档位（只在已验证模型族内）,自主扩展,,,待审,
T091,把轮子装到水平轴上,J 装配与拆解,装配拆解;部件关系;工序依赖,L3,P1 能力扩展,K11;K23,自由轮子与固定玩具底盘轴,底盘固定；轮子直径45–70mm,抓轮缘→对准轴→推进至肩部,3,轮孔穿轴且轮面距轴肩小于3mm,C,cuMotion+接触控制/遥操作,轮缘抓取与轴肩干涉,待建模/获取并资格验证；资产包编号不是现成资产ID,候选设计；未在pine_wm实现/验证,零件位姿;接口容差;工序目标;夹具位置,自主扩展,,,待审,
T092,拆下横向止退销后卸轮,J 装配与拆解,装配拆解;部件关系;工序依赖,L4,P1 能力扩展,K11;K23,固定轮轴端有横向止退销锁住轮子,轴架固定；止退销有20mm可抓柄,抓销柄→横向拔销→换抓轮缘→沿轴卸轮,4,销与轮分别入盘且拔销先于卸轮,C,cuMotion+接触控制/遥操作,止退销必须真实阻止轮子轴向脱落,待建模/获取并资格验证；资产包编号不是现成资产ID,候选设计；未在pine_wm实现/验证,零件位姿;接口容差;工序目标;夹具位置,自主扩展,,,待审,
T093,组装两片榫卯拼件,J 装配与拆解,装配拆解;部件关系;工序依赖,L4,P1 能力扩展,K11,两刚性片有开口榫槽,底片由可见夹具固定,第一片入固定巢→第二片对槽插合,2,两片到设计相对变换且释放后保持,C,cuMotion+接触控制/遥操作,接触多面与薄片变形近似,待建模/获取并资格验证；资产包编号不是现成资产ID,候选设计；未在pine_wm实现/验证,零件位姿;接口容差;工序目标;夹具位置,自主扩展,,,待审,
T094,扣合模型盒的单个卡舌,J 装配与拆解,装配拆解;部件关系;工序依赖,L4,P1 能力扩展,K11;K20,盒盖已落位但单侧卡舌未扣,盒体固定；卡舌用已验证弹性或关节模型,对卡舌局部下压→越过止挡,2,卡舌处于锁定侧且盖不被抬起,C,cuMotion+接触控制/遥操作,卡合反馈与穿透伪成功,待建模/获取并资格验证；资产包编号不是现成资产ID,候选设计；未在pine_wm实现/验证,零件位姿;接口容差;工序目标;夹具位置,自主扩展,,,待审,
T095,按工序装垫圈与套筒,J 装配与拆解,装配拆解;部件关系;工序依赖,L4,P1 能力扩展,K10;K11,固定竖轴、垫圈、套筒各一,轴底固定；每件都有可抓面,先套垫圈→再套套筒→检查高度,3,堆叠次序正确且各零件到轴肩,C,cuMotion+接触控制/遥操作,接触顺序与部件姿态累计误差,待建模/获取并资格验证；资产包编号不是现成资产ID,候选设计；未在pine_wm实现/验证,零件位姿;接口容差;工序目标;夹具位置,自主扩展,,,待审,
T096,分离松配的模型拼插砖,J 装配与拆解,装配拆解;部件关系;工序依赖,L4,P1 能力扩展,K11;K23,两块可拔开的放大拼插砖,底块固定；不声称标准LEGO力学复现,底块固定→抓上块→缓慢脱开→入盘,4,上块脱离且底块仍在夹具内,C,cuMotion+接触控制/遥操作,压配保持力和夹爪摩擦需匹配,待建模/获取并资格验证；资产包编号不是现成资产ID,候选设计；未在pine_wm实现/验证,零件位姿;接口容差;工序目标;夹具位置,自主扩展,,,待审,
T097,装上带键槽的齿轮,J 装配与拆解,装配拆解;部件关系;工序依赖,L4,P1 能力扩展,K11;K10,齿轮孔有单键槽，轴有键,固定轴；可视键标记不替代真实槽,转齿轮对键→沿轴装入,2,齿轮达到肩部且键槽方向正确,C,cuMotion+接触控制/遥操作,角度搜索与多齿外形碰撞,待建模/获取并资格验证；资产包编号不是现成资产ID,候选设计；未在pine_wm实现/验证,零件位姿;接口容差;工序目标;夹具位置,自主扩展,,,待审,
T098,装配铰链的贯穿销,J 装配与拆解,装配拆解;部件关系;工序依赖,L4,P1 能力扩展,K11;K03,铰链两耳由夹具保持同轴,固定装配夹具承担对齐另一零件的作用,抓销→穿过首耳和中耳→到底,3,销贯穿全部耳孔且深度足够,C,cuMotion+接触控制/遥操作,细长销多孔串联卡滞,待建模/获取并资格验证；资产包编号不是现成资产ID,候选设计；未在pine_wm实现/验证,零件位姿;接口容差;工序目标;夹具位置,自主扩展,,,待审,
T099,按次序拆解三件套轴系,J 装配与拆解,装配拆解;部件关系;工序依赖,L4,P1 能力扩展,K11;K20,轴上有端环、轮子、间隔套,轴固定；零件初始为松配而非压配,取端环→取轮→取套→分类落盘,4,三件均脱离且分别进入指定格,C,cuMotion+接触控制/遥操作,有先后约束的拆解顺序,待建模/获取并资格验证；资产包编号不是现成资产ID,候选设计；未在pine_wm实现/验证,零件位姿;接口容差;工序目标;夹具位置,自主扩展,,,待审,
T100,将可拆工具头装入手柄,J 装配与拆解,装配拆解;部件关系;工序依赖,L4,P1 能力扩展,K11;K12,粗柄与带定位键的工具头,柄座固定；锁定方式在资产中真实建模,手柄入固定座→插头→旋锁或压锁,3,连接到设计深度且通过轻拉检查,C,cuMotion+接触控制/遥操作,装好后的连接稳定性,待建模/获取并资格验证；资产包编号不是现成资产ID,候选设计；未在pine_wm实现/验证,零件位姿;接口容差;工序目标;夹具位置,自主扩展,,,待审,
T101,用刮板把积木扫入盘,K 工具使用与接触作业,工具使用;接触轨迹;间接操纵,L3,P1 能力扩展,K12;K26,可夹刮板、5颗小块和低沿盘,盘固定；刚性刮板模拟粗扫,抓工具→分次扫集→推入盘→放工具,4,全部小块入盘且工具回工具位,C,cuMotion+接触控制/遥操作,工具与夹爪固定关系校验,待建模/获取并资格验证；资产包编号不是现成资产ID,候选设计；未在pine_wm实现/验证,工具位姿;目标轨迹;接触阻尼;初始物料分布,目录级启发,Sweep Blocks,https://robodojo-benchmark.com/doc/sim-tasks/,待审,
T102,用推杆把深槽物体推出,K 工具使用与接触作业,工具使用;接触轨迹;间接操纵,L3,P1 能力扩展,K12;K23,目标位于夹爪进不去的贯通槽,槽架固定；杆直径适配夹持端套柄,取细推杆→从后方顶目标→抓取目标,3,目标被推出槽口并进入盘,C,cuMotion+接触控制/遥操作,工具末端碰撞与弯曲忽略,待建模/获取并资格验证；资产包编号不是现成资产ID,候选设计；未在pine_wm实现/验证,工具位姿;目标轨迹;接触阻尼;初始物料分布,自主扩展,,,待审,
T103,用钩杆拉出远处小环,K 工具使用与接触作业,工具使用;接触轨迹;间接操纵,L4,P1 能力扩展,K12;K28,带环滑块超过直接夹持舒适区,环和滑块刚性连接；仍在机器人可达扫掠范围,抓钩杆→穿环→拖至可抓区→收纳,4,滑块到目标区且钩杆回位,C,cuMotion+接触控制/遥操作,钩具脱环与接触方向,待建模/获取并资格验证；资产包编号不是现成资产ID,候选设计；未在pine_wm实现/验证,工具位姿;目标轨迹;接触阻尼;初始物料分布,自主扩展,,,待审,
T104,用铲子托起薄片,K 工具使用与接触作业,工具使用;接触轨迹;间接操纵,L4,P1 能力扩展,K12;K01,薄片平放在带引入斜坡的小台面,固定薄片台；铲柄可夹,取铲→沿台面插入片下→搬到盘,3,薄片完整落盘且铲未夹持薄片,C,cuMotion+接触控制/遥操作,铲底与桌面接触和片滑落,待建模/获取并资格验证；资产包编号不是现成资产ID,候选设计；未在pine_wm实现/验证,工具位姿;目标轨迹;接触阻尼;初始物料分布,自主扩展,,,待审,
T105,用软垫块擦除标记区,K 工具使用与接触作业,工具使用;接触轨迹;间接操纵,L3,P1 能力扩展,K12;K26,固定板上的可擦除网格污迹,板固定；污迹清除由接触足迹而非接近触发,抓擦块→按压接触→覆盖轨迹→放回,4,有效接触覆盖目标区大于95%且越界小于10%,C,cuMotion+接触控制/遥操作,这是接触覆盖代理，不等同真实清洁化学,待建模/获取并资格验证；资产包编号不是现成资产ID,候选设计；未在pine_wm实现/验证,工具位姿;目标轨迹;接触阻尼;初始物料分布,自主扩展,,,待审,
T106,用夹持印章盖指定位置,K 工具使用与接触作业,工具使用;接触轨迹;间接操纵,L3,P1 能力扩展,K12;K31,带大手柄的印章和固定纸板,固定纸板；印迹需同时满足压力/接触时长代理,取章→对齐→按压→抬起→归位,5,触发接触印迹且中心误差小于8mm,C,cuMotion+接触控制/遥操作,不能只根据工具位姿生成印迹,待建模/获取并资格验证；资产包编号不是现成资产ID,候选设计；未在pine_wm实现/验证,工具位姿;目标轨迹;接触阻尼;初始物料分布,自主扩展,,,待审,
T107,用滚轮压过胶带条,K 工具使用与接触作业,工具使用;接触轨迹;间接操纵,L4,P1 能力扩展,K12;K26,刚性滚轮工具和预贴胶带轨迹,胶带预置固定；只验证压合覆盖，不验证粘性,抓柄→接触→沿线滚压→抬离,4,滚轮连续覆盖轨迹大于95%且接触中断小于0.2秒,C,cuMotion+接触控制/遥操作,工具转动与稳定法向接触,待建模/获取并资格验证；资产包编号不是现成资产ID,候选设计；未在pine_wm实现/验证,工具位姿;目标轨迹;接触阻尼;初始物料分布,自主扩展,,,待审,
T108,用小锤敲入松配木销,K 工具使用与接触作业,工具使用;接触轨迹;间接操纵,L5,P2 研发后再批量,K12;K03,木销部分插入带阻尼孔座,孔座固定；使用低质量放大模型锤,取锤→低能量分次敲击→检查深度,3,木销累计下降到目标且座不移动,C,cuMotion+接触控制/遥操作,冲击接触与时间步敏感,待建模/获取并资格验证；资产包编号不是现成资产ID,候选设计；未在pine_wm实现/验证,工具位姿;目标轨迹;接触阻尼;初始物料分布,自主扩展,,,待审,
T109,用大柄螺丝刀拧固定螺钉,K 工具使用与接触作业,工具使用;接触轨迹;间接操纵,L5,P2 研发后再批量,K12;K10,预对牙粗螺纹螺钉和固定板,固定工件；允许工具落座后换抓,刀头入槽→轴向保持→分段旋拧,3,螺钉下降到目标深度且刀头未持续打滑,C,cuMotion+接触控制/遥操作,接触控制与螺纹模型同时依赖,待建模/获取并资格验证；资产包编号不是现成资产ID,候选设计；未在pine_wm实现/验证,工具位姿;目标轨迹;接触阻尼;初始物料分布,目录级启发,Fasten Screws,https://robodojo-benchmark.com/doc/sim-tasks/,待审,
T110,用固定刀口切开磁连玩具食材,K 工具使用与接触作业,工具使用;接触轨迹;间接操纵,L4,P1 能力扩展,K12;K22,玩具食材由可分离连接组成,钝楔固定且为仿真道具；无需第二臂持刀,抓食材→送过固定钝楔→分离后放盘,3,连接解除且两半在收集盘中,C,cuMotion+接触控制/遥操作,只代表可分离玩具，不代表连续材料切割,待建模/获取并资格验证；资产包编号不是现成资产ID,候选设计；未在pine_wm实现/验证,工具位姿;目标轨迹;接触阻尼;初始物料分布,自主扩展,,,待审,
T111,把大颗粒从杯倒入宽口碗,L 倾倒分装与计量,物料转移;计量;多体动力学,L3,P1 能力扩展,K13,有粗握柄的杯装20颗刚性球,碗放固定防滑座；颗粒直径8–12mm,抓杯→抬高对碗→倾倒→扶正放回,4,至少90%颗粒入碗且掉桌不超过1颗,G,颗粒仿真+轨迹/反馈,颗粒求解成本与杯内碰撞,待建模/获取并资格验证；资产包编号不是现成资产ID,候选设计；未在pine_wm实现/验证,初始装料量;颗粒分布;源/目标位姿;目标剂量,自主扩展,,,待审,
T112,将颗粒倒入窄口漏斗,L 倾倒分装与计量,物料转移;计量;多体动力学,L4,P1 能力扩展,K13,杯、固定漏斗与下方瓶体,漏斗及瓶固定；孔径大于两倍粒径,抓杯→小角度倾倒→暂停疏流→放回,4,至少85%颗粒进入瓶体且无持续堵塞,G,颗粒仿真+轨迹/反馈,桥接堵塞和多体接触,待建模/获取并资格验证；资产包编号不是现成资产ID,候选设计；未在pine_wm实现/验证,初始装料量;颗粒分布;源/目标位姿;目标剂量,目录级启发,Pour Balls Into Vase,https://robodojo-benchmark.com/doc/sim-tasks/,待审,
T113,按数量把球分进两个杯,L 倾倒分装与计量,物料转移;计量;多体动力学,L4,P1 能力扩展,K13;K31,源杯中有可数小球和两个接收杯,接收杯固定；数量通过图像或可见计数窗提供,分次倾倒→观察数量→调整分配,3,两个杯分别达到指令数量，误差不超过1颗,G,颗粒仿真+轨迹/反馈,倾倒控制粒度与计数遮挡,待建模/获取并资格验证；资产包编号不是现成资产ID,候选设计；未在pine_wm实现/验证,初始装料量;颗粒分布;源/目标位姿;目标剂量,自主扩展,,,待审,
T114,用勺舀颗粒到容器,L 倾倒分装与计量,物料转移;计量;多体动力学,L4,P1 能力扩展,K12;K13,固定宽碗内有刚性颗粒和可夹勺,源碗和目标杯固定；勺有平行夹持柄,取勺→插入料堆→抬起→转移倾倒,4,目标杯中新增至少指定数量颗粒,G,颗粒仿真+轨迹/反馈,舀取接触、装载量和散落,待建模/获取并资格验证；资产包编号不是现成资产ID,候选设计；未在pine_wm实现/验证,初始装料量;颗粒分布;源/目标位姿;目标剂量,自主扩展,,,待审,
T115,将颗粒沿倾斜托盘导入盒,L 倾倒分装与计量,物料转移;计量;多体动力学,L3,P1 能力扩展,K13;K20,带单柄导流盘与固定收集盒,托盘带侧壁和小出口；盒固定,抓盘柄→调倾角→引导颗粒→放平,4,全部目标颗粒进盒且盘无残留超限,G,颗粒仿真+轨迹/反馈,颗粒分布决定流动时序,待建模/获取并资格验证；资产包编号不是现成资产ID,候选设计；未在pine_wm实现/验证,初始装料量;颗粒分布;源/目标位姿;目标剂量,自主扩展,,,待审,
T116,把散落大球逐个装入蛋格,L 倾倒分装与计量,物料转移;计量;多体动力学,L3,P1 能力扩展,K13;K20,6颗大球与固定六格托盘,球直径25–40mm；托盘固定,逐颗夹取→对准凹穴→释放,3,每穴恰有1球且全部球稳定落座,M,cuMotion+抓放状态机,球滑脱与相邻格误投,待建模/获取并资格验证；资产包编号不是现成资产ID,候选设计；未在pine_wm实现/验证,初始装料量;颗粒分布;源/目标位姿;目标剂量,自主扩展,,,待审,
T117,用倾杯方式灌装模拟液体,L 倾倒分装与计量,物料转移;计量;多体动力学,L5,P2 研发后再批量,K14,杯内使用真实粒子液体或流体模型,目标杯固定；必须启用并验证流体求解器,抓杯→倾倒→观察液面→扶正,4,目标杯液量达标且溢出低于5%,F,流体研发+遥操作/反馈,不能用刚性球结果宣称液体成功,待建模/获取并资格验证；资产包编号不是现成资产ID,候选设计；未在pine_wm实现/验证,初始装料量;颗粒分布;源/目标位姿;目标剂量,任务机制改编,Pour Liquid Into Cup,https://robodojo-benchmark.com/doc/sim-tasks/pour-liquid-into-cup/,待审,
T118,向刻度杯倒到指定体积,L 倾倒分装与计量,物料转移;计量;多体动力学,L5,P2 研发后再批量,K14;K31,源壶和带液面刻度的透明杯,接收杯固定；要求图像可读液面,小流量倾倒→接近刻度减速→停止,3,液体体积在目标±5%且源壶扶正,F,流体研发+遥操作/反馈,流体、透明渲染及延迟反馈,待建模/获取并资格验证；资产包编号不是现成资产ID,候选设计；未在pine_wm实现/验证,初始装料量;颗粒分布;源/目标位姿;目标剂量,同机制扩展,Pour Liquid Into Cup,https://robodojo-benchmark.com/doc/sim-tasks/pour-liquid-into-cup/,待审,
T119,把物料倒到秤盘目标重量,L 倾倒分装与计量,物料转移;计量;多体动力学,L4,P1 能力扩展,K13;K29,大颗粒、源杯和可见数值秤盘,固定秤盘；显示由真实质量计算并有刷新延迟,倾倒少量→读秤→补料→停,4,秤盘真实颗粒质量在目标±5%,G,颗粒仿真+轨迹/反馈,不可直接给策略隐藏质量标签,待建模/获取并资格验证；资产包编号不是现成资产ID,候选设计；未在pine_wm实现/验证,初始装料量;颗粒分布;源/目标位姿;目标剂量,自主扩展,,,待审,
T120,用漏勺分离大小颗粒,L 倾倒分装与计量,物料转移;计量;多体动力学,L5,P2 研发后再批量,K12;K13,两种球径和带筛孔的勺,筛孔介于两种球径之间；源盆固定,舀混合料→缓慢摇筛→大球转移,3,大球留在目标盘，小球留在源盆，纯度大于90%,G,颗粒仿真+轨迹/反馈,筛分碰撞孔不能被凸包封闭,待建模/获取并资格验证；资产包编号不是现成资产ID,候选设计；未在pine_wm实现/验证,初始装料量;颗粒分布;源/目标位姿;目标剂量,自主扩展,,,待审,
T121,将夹持角的方巾对折,M 布料与软包装,软体操纵;形状控制;边界约束,L4,P2 研发后再批量,K15;K23,方巾一侧被桌边夹具压住,另一侧由可见夹具固定；非双臂折衣,夹自由角→抬起越过折线→放到对应角,3,角点距离小于20mm且重叠面积大于80%,D,软体研发+遥操作/反馈,布料网格、摩擦与自碰撞,待建模/获取并资格验证；资产包编号不是现成资产ID,候选设计；未在pine_wm实现/验证,初始褶皱;网格/材料族;摩擦;夹持角,单臂夹具化改编,Fold Clothes,https://robodojo-benchmark.com/doc/sim-tasks/fold-clothes/,待审,
T122,把小毛巾卷到固定芯轴,M 布料与软包装,软体操纵;形状控制;边界约束,L5,P2 研发后再批量,K15;K23,毛巾一边附在可转芯轴,芯轴支架固定；附着边界明确,抓转动手柄→卷绕→放开,3,毛巾大部分绕轴且外露尾长小于30mm,D,软体研发+遥操作/反馈,布料卷绕与接触厚度,待建模/获取并资格验证；资产包编号不是现成资产ID,候选设计；未在pine_wm实现/验证,初始褶皱;网格/材料族;摩擦;夹持角,自主扩展,,,待审,
T123,拉平起皱布片,M 布料与软包装,软体操纵;形状控制;边界约束,L4,P2 研发后再批量,K15;K23,布片一边固定，局部皱起,固定一侧边；限制拉伸不改变布面积,夹自由边→分段牵拉→释放,3,投影覆盖率大于90%且最大皱高低于10mm,D,软体研发+遥操作/反馈,不能用拉伸网格冒充除皱,待建模/获取并资格验证；资产包编号不是现成资产ID,候选设计；未在pine_wm实现/验证,初始褶皱;网格/材料族;摩擦;夹持角,自主扩展,,,待审,
T124,将餐巾铺到托盘上,M 布料与软包装,软体操纵;形状控制;边界约束,L4,P2 研发后再批量,K15;K20,有粗夹持角的小餐巾和托盘,托盘固定；布面尺寸小于盘内尺寸,提起一角→拖展到盘上→调整边缘,3,托盘内覆盖率大于85%且无边缘垂出超限,D,软体研发+遥操作/反馈,抓角导致旋转和褶皱,待建模/获取并资格验证；资产包编号不是现成资产ID,候选设计；未在pine_wm实现/验证,初始褶皱;网格/材料族;摩擦;夹持角,自主扩展,,,待审,
T125,把布袋套在固定短筒上,M 布料与软包装,软体操纵;形状控制;边界约束,L5,P2 研发后再批量,K16;K23,布袋袋口有刚性抓环,短筒固定；袋口环提供单臂开口支撑,抓袋口环→对准筒口→向下套入,3,袋口环低于筒顶指定高度且袋体包住筒,D,软体研发+遥操作/反馈,布袋自碰撞与开口保持,待建模/获取并资格验证；资产包编号不是现成资产ID,候选设计；未在pine_wm实现/验证,初始褶皱;网格/材料族;摩擦;夹持角,自主扩展,,,待审,
T126,把软袋中的硬物取出,M 布料与软包装,软体操纵;形状控制;边界约束,L4,P2 研发后再批量,K16;K01,布袋由刚性口框撑开，内有目标块,口框固定；袋壁仍参与接触,探入袋口→夹目标→提取放盘,3,目标入盘且袋口框未位移,D,软体研发+遥操作/反馈,袋壁遮挡和夹爪外壳接触,待建模/获取并资格验证；资产包编号不是现成资产ID,候选设计；未在pine_wm实现/验证,初始褶皱;网格/材料族;摩擦;夹持角,自主扩展,,,待审,
T127,拉开固定袋的拉链,M 布料与软包装,软体操纵;形状控制;边界约束,L5,P2 研发后再批量,K16;K23,袋体固定且拉链头带大拉环,两侧布边由夹具固定；需验证拉链耦合模型,夹拉环→沿拉链方向拉→释放,3,拉链开口长度大于目标80%,D,软体研发+遥操作/反馈,用滑块代理时必须单独标明保真度,待建模/获取并资格验证；资产包编号不是现成资产ID,候选设计；未在pine_wm实现/验证,初始褶皱;网格/材料族;摩擦;夹持角,自主扩展,,,待审,
T128,闭合固定袋的拉链,M 布料与软包装,软体操纵;形状控制;边界约束,L5,P2 研发后再批量,K16;K23,拉链袋初始打开并由夹具保持平整,固定袋体两侧；不依赖另一只手张紧,抓拉环→沿轨迹闭合→放开,3,剩余开口小于10mm且齿链连接正确,D,软体研发+遥操作/反馈,闭合后连接需真实或可验证模型,待建模/获取并资格验证；资产包编号不是现成资产ID,候选设计；未在pine_wm实现/验证,初始褶皱;网格/材料族;摩擦;夹持角,自主扩展,,,待审,
T129,把海绵块压入收纳槽,M 布料与软包装,软体操纵;形状控制;边界约束,L5,P2 研发后再批量,K15;K20,可压缩海绵与略小槽盒,槽盒固定；需要可压缩体积材料模型,夹海绵→压缩→推进→释放,4,海绵完全在槽内且释放后未弹出,D,软体研发+遥操作/反馈,不可用缩放刚体代替压缩,待建模/获取并资格验证；资产包编号不是现成资产ID,候选设计；未在pine_wm实现/验证,初始褶皱;网格/材料族;摩擦;夹持角,自主扩展,,,待审,
T130,抓取薄软包装放入窄立架,M 布料与软包装,软体操纵;形状控制;边界约束,L4,P2 研发后再批量,K16;K20,有内容物支撑的软包装袋,立架固定；给定夹持厚边和有限软度,抓封口厚边→竖起→插架,3,包装底部落座且支撑后保持直立,D,软体研发+遥操作/反馈,袋体与内装物耦合,待建模/获取并资格验证；资产包编号不是现成资产ID,候选设计；未在pine_wm实现/验证,初始褶皱;网格/材料族;摩擦;夹持角,自主扩展,,,待审,
T131,把线缆端头放入卡槽,N 线缆软管与带状件,柔性体;拓扑关系;张力管理,L4,P2 研发后再批量,K17;K23,一端固定的柔性线缆，另一端为硬握柄,一端固定；卡槽固定且初版无需弹性卡扣,抓端头→避开线身→压入开放卡槽,3,端头在卡槽且线身无越界拉伸,D,软体研发+遥操作/反馈,线缆张力与机器人规划需联动,待建模/获取并资格验证；资产包编号不是现成资产ID,候选设计；未在pine_wm实现/验证,线形;松弛长度;弯曲刚度;柱/槽位姿,自主扩展,,,待审,
T132,将线缆依次绕过三根柱,N 线缆软管与带状件,柔性体;拓扑关系;张力管理,L5,P2 研发后再批量,K17;K23,柔性线缆一端固定,柱阵固定；长度足够且不需闭环打结,抓另一端→按左右交替绕柱→放终点,3,线缆拓扑路径匹配三柱顺序,D,软体研发+遥操作/反馈,拓扑判定不能只查末端坐标,待建模/获取并资格验证；资产包编号不是现成资产ID,候选设计；未在pine_wm实现/验证,线形;松弛长度;弯曲刚度;柱/槽位姿,自主扩展,,,待审,
T133,把软管端插到固定接嘴,N 线缆软管与带状件,柔性体;拓扑关系;张力管理,L5,P2 研发后再批量,K17;K09,软管有加硬末端，另一端自由或弱固定,接嘴固定；软管硬端可夹,抓硬端→沿接嘴轴插入→松开,3,插入长度超过20mm且末端保持,D,软体研发+遥操作/反馈,接嘴压配与软体弯曲双重复杂度,待建模/获取并资格验证；资产包编号不是现成资产ID,候选设计；未在pine_wm实现/验证,线形;松弛长度;弯曲刚度;柱/槽位姿,自主扩展,,,待审,
T134,把U形线缆铺入浅导槽,N 线缆软管与带状件,柔性体;拓扑关系;张力管理,L5,P2 研发后再批量,K17;K23,预弯线缆与U形开放导槽,槽板固定；允许逐段重抓,抓中段或端头→分段放入→局部压槽,3,线缆中心线90%以上在槽内,D,软体研发+遥操作/反馈,整条线形状而非仅端点成功,待建模/获取并资格验证；资产包编号不是现成资产ID,候选设计；未在pine_wm实现/验证,线形;松弛长度;弯曲刚度;柱/槽位姿,自主扩展,,,待审,
T135,将电缆卷到固定绕线盘,N 线缆软管与带状件,柔性体;拓扑关系;张力管理,L5,P2 研发后再批量,K17;K23,一端固定到有手柄的转盘,盘架固定；转盘承担另一只手的作用,抓盘柄→转盘多圈→放线尾卡位,3,绕线圈数达标且线尾固定,D,软体研发+遥操作/反馈,绕线盘转动与线缆自接触,待建模/获取并资格验证；资产包编号不是现成资产ID,候选设计；未在pine_wm实现/验证,线形;松弛长度;弯曲刚度;柱/槽位姿,自主扩展,,,待审,
T136,从两线交叉中提起上层线,N 线缆软管与带状件,柔性体;拓扑关系;张力管理,L4,P2 研发后再批量,K17,两条不同色线缆松放交叉,交叉不包含结；各线均有粗端头,识别上下关系→抓上层端→提离交叉,3,目标线不再交叉且另一线端点位移小于30mm,D,软体研发+遥操作/反馈,遮挡下拓扑关系和拖带,待建模/获取并资格验证；资产包编号不是现成资产ID,候选设计；未在pine_wm实现/验证,线形;松弛长度;弯曲刚度;柱/槽位姿,自主扩展,,,待审,
T137,把松套环状带挂到固定钩,N 线缆软管与带状件,柔性体;拓扑关系;张力管理,L4,P2 研发后再批量,K17;K28,柔性闭环带具有加厚抓耳,固定宽钩；预置环口可达,抓耳→撑出环口→挂钩→释放,4,带环挂在钩上且无桌面支撑持续2秒,D,软体研发+遥操作/反馈,柔性环塌陷与释放,待建模/获取并资格验证；资产包编号不是现成资产ID,候选设计；未在pine_wm实现/验证,线形;松弛长度;弯曲刚度;柱/槽位姿,自主扩展,,,待审,
T138,拉紧固定框上的弹性带,N 线缆软管与带状件,柔性体;拓扑关系;张力管理,L5,P2 研发后再批量,K17;K23,弹性带一端挂在框架柱上,框固定；拉伸比限制由材料参数定义,抓自由抓耳→拉伸→挂到第二柱,3,两端均挂住且张力在设定范围,D,软体研发+遥操作/反馈,弹性储能与滑脱,待建模/获取并资格验证；资产包编号不是现成资产ID,候选设计；未在pine_wm实现/验证,线形;松弛长度;弯曲刚度;柱/槽位姿,自主扩展,,,待审,
T139,把插头穿过穿线环,N 线缆软管与带状件,柔性体;拓扑关系;张力管理,L4,P2 研发后再批量,K17;K28,线缆一端带小插头，固定大导环,导环固定；插头可穿且不需拆装,抓插头→穿环→拉出足够线长,3,插头与至少100mm线身越过环平面,D,软体研发+遥操作/反馈,插头穿过不等于线身正确穿过,待建模/获取并资格验证；资产包编号不是现成资产ID,候选设计；未在pine_wm实现/验证,线形;松弛长度;弯曲刚度;柱/槽位姿,自主扩展,,,待审,
T140,将拉绳结尾扣到挂点,N 线缆软管与带状件,柔性体;拓扑关系;张力管理,L5,P2 研发后再批量,K17;K09,预装扣头的绳端与固定扣座,扣座固定；不要求机器人现场打结,抓扣头→牵绳→对扣座卡入,3,扣头锁定且绳长不超过拉伸限制,D,软体研发+遥操作/反馈,柔性体与刚性锁扣状态耦合,待建模/获取并资格验证；资产包编号不是现成资产ID,候选设计；未在pine_wm实现/验证,线形;松弛长度;弯曲刚度;柱/槽位姿,自主扩展,,,待审,
T141,按物体用途分类,O 语义分类与数量约束,语义条件;分类计数;组合泛化,L3,P1 能力扩展,K01;K21;K12;K20,混合文具与工具、两个标识托盘,只用可夹道具；类别通过指令定义,理解类别→逐件抓取→放对应盘,3,所有目标按用途分组且无遗漏,S,条件状态机+运动技能,类别标签不能作为策略隐藏输入,待建模/获取并资格验证；资产包编号不是现成资产ID,候选设计；未在pine_wm实现/验证,类别/属性组合;物体数量;标签映射;目标数量,目录级启发,Classify Objects,https://robodojo-benchmark.com/doc/sim-tasks/,待审,
T142,按几何形状分类,O 语义分类与数量约束,语义条件;分类计数;组合泛化,L2,P0 首批40项,K01;K20,球、柱、方块混放,不以固定颜色绑定形状类别,辨形状→抓取→分组,3,每件进入形状对应区域,S,条件状态机+运动技能,颜色捷径与形状泛化,待建模/获取并资格验证；资产包编号不是现成资产ID,候选设计；未在pine_wm实现/验证,类别/属性组合;物体数量;标签映射;目标数量,自主扩展,,,待审,
T143,按相对尺寸从小到大排列,O 语义分类与数量约束,语义条件;分类计数;组合泛化,L3,P0 首批40项,K01;K31,同类不同尺寸的5件物体,尺寸比拉开到视觉可辨；槽不强制尺寸,比较尺寸→依次放到排列槽,2,沿指定轴尺寸严格递增且全部释放,S,条件状态机+运动技能,排序应基于相对尺寸而非固定ID,待建模/获取并资格验证；资产包编号不是现成资产ID,候选设计；未在pine_wm实现/验证,类别/属性组合;物体数量;标签映射;目标数量,自主扩展,,,待审,
T144,只收集符合双属性的物体,O 语义分类与数量约束,语义条件;分类计数;组合泛化,L3,P1 能力扩展,K01;K20,颜色与形状独立随机组合,其他物体保持桌上；每次条件重新采样,理解颜色且形状条件→选取→入盘,3,所有且仅满足条件的物体入盘,S,条件状态机+运动技能,避免单属性可解的退化布局,待建模/获取并资格验证；资产包编号不是现成资产ID,候选设计；未在pine_wm实现/验证,类别/属性组合;物体数量;标签映射;目标数量,目录级启发,Classify Objects By Language,https://robodojo-benchmark.com/doc/sim-tasks/,待审,
T145,按指令收集恰好N件,O 语义分类与数量约束,语义条件;分类计数;组合泛化,L3,P0 首批40项,K01;K20,多个同类块和收集盒,N在2–5变化；不让盒位数量直接泄露N,逐件搬运→计数→达到N停止,3,盒内目标数量恰为N且其他物体未误入,S,条件状态机+运动技能,停止决策与重复计数,待建模/获取并资格验证；资产包编号不是现成资产ID,候选设计；未在pine_wm实现/验证,类别/属性组合;物体数量;标签映射;目标数量,自主扩展,,,待审,
T146,按容器容量做配对,O 语义分类与数量约束,语义条件;分类计数;组合泛化,L3,P1 能力扩展,K02;K20,三尺寸物体和三大小容器,刚性容器；预生成唯一匹配解,比较尺寸→选择能容纳的最小容器→放入,3,每件入最小可容纳容器且无突出,S,条件状态机+运动技能,尺寸推理与实际包含判定,待建模/获取并资格验证；资产包编号不是现成资产ID,候选设计；未在pine_wm实现/验证,类别/属性组合;物体数量;标签映射;目标数量,自主扩展,,,待审,
T147,把有可见缺口的零件挑出,O 语义分类与数量约束,语义条件;分类计数;组合泛化,L4,P1 能力扩展,K11;K20,完整和缺口零件外形相近,缺口大于相机有效分辨率；非微裂纹检测,观察缺口→分类抓取→入检验盘,3,全部缺口件入检验盘且完整件不入,S,条件状态机+运动技能,缺陷视觉泛化与遮挡,待建模/获取并资格验证；资产包编号不是现成资产ID,候选设计；未在pine_wm实现/验证,类别/属性组合;物体数量;标签映射;目标数量,自主扩展,,,待审,
T148,根据文字标签投递零件,O 语义分类与数量约束,语义条件;分类计数;组合泛化,L4,P1 能力扩展,K01;K20;K31,各格有短文字标签，指令指定对应关系,标签字号足够；语言映射训练测试分离,读标签→识别物件→投递,3,每件进入与指令对应的文字格,S,条件状态机+运动技能,OCR与类别映射的组合泛化,待建模/获取并资格验证；资产包编号不是现成资产ID,候选设计；未在pine_wm实现/验证,类别/属性组合;物体数量;标签映射;目标数量,自主扩展,,,待审,
T149,按一对一配件关系配套,O 语义分类与数量约束,语义条件;分类计数;组合泛化,L3,P1 能力扩展,K11;K20,三种杆和各自匹配的套筒,只配套摆放，不要求插接,识别配对→各对放一格,2,每格恰含一组尺寸和接口相配的两件,S,条件状态机+运动技能,配对关系不能由固定位置泄露,待建模/获取并资格验证；资产包编号不是现成资产ID,候选设计；未在pine_wm实现/验证,类别/属性组合;物体数量;标签映射;目标数量,自主扩展,,,待审,
T150,依照禁止清单清理桌面,O 语义分类与数量约束,语义条件;分类计数;组合泛化,L4,P1 能力扩展,K01;K20;K31,指令指定需保留的两类物品,标注禁止物位置变化容差20mm,理解否定条件→只移走其余物→停止,3,保留物仍在原区域，其余全部入收纳盒,S,条件状态机+运动技能,否定指令和选择性停止,待建模/获取并资格验证；资产包编号不是现成资产ID,候选设计；未在pine_wm实现/验证,类别/属性组合;物体数量;标签映射;目标数量,自主扩展,,,待审,
T151,按目标图摆放三件物体,P 图像目标与空间推理,图像条件;空间推理;符号推理,L3,P1 能力扩展,K01;K31,给定俯视目标图与散放实体,目标图随episode变；不共享隐藏世界坐标给策略,解析相对布局→逐件放置→校对,3,物体身份和相对位姿匹配目标模板,S,条件状态机+运动技能,目标图与相机透视不一致,待建模/获取并资格验证；资产包编号不是现成资产ID,候选设计；未在pine_wm实现/验证,目标图;形状/数字组合;候选位置;参考坐标,自主扩展,,,待审,
T152,补全缺一块的图案,P 图像目标与空间推理,图像条件;空间推理;符号推理,L3,P1 能力扩展,K01;K31,桌面模板已有部分块，旁边有候选块,已有块固定或低扰动；预生成唯一解,比较目标图→找缺件→放到空位,3,缺件身份和位姿正确且已有块不移动,S,条件状态机+运动技能,不能把所有候选都试放到同一槽,待建模/获取并资格验证；资产包编号不是现成资产ID,候选设计；未在pine_wm实现/验证,目标图;形状/数字组合;候选位置;参考坐标,自主扩展,,,待审,
T153,旋转摆齐箭头阵列,P 图像目标与空间推理,图像条件;空间推理;符号推理,L3,P1 能力扩展,K01;K31,三块箭头方向随机,厚箭头牌可夹；方向由指令或图给出,读目标方向→逐块旋转放回,2,所有箭头方向误差小于8度且保留各自位置,S,条件状态机+运动技能,有向形状的非对称姿态,待建模/获取并资格验证；资产包编号不是现成资产ID,候选设计；未在pine_wm实现/验证,目标图;形状/数字组合;候选位置;参考坐标,自主扩展,,,待审,
T154,拼出指定数字序列,P 图像目标与空间推理,图像条件;空间推理;符号推理,L3,P1 能力扩展,K31,三枚带抓边数字牌和三个位置,牌可抓且厚度固定；随机字形作为测试变化,读取目标数字→排序放牌,2,牌面数值序列与指令完全相同,S,条件状态机+运动技能,OCR与顺序约束,待建模/获取并资格验证；资产包编号不是现成资产ID,候选设计；未在pine_wm实现/验证,目标图;形状/数字组合;候选位置;参考坐标,目录级启发,Arrange Largest Number,https://robodojo-benchmark.com/doc/sim-tasks/,待审,
T155,用数字牌完成简单等式,P 图像目标与空间推理,图像条件;空间推理;符号推理,L4,P1 能力扩展,K31,加减式留一个空位及候选数字牌,限定0–9并保证唯一解；牌放置公差宽松,读式子→选择答案→填空,3,等式成立且只放一张候选牌,S,条件状态机+运动技能,把推理难度与插放精度分开,待建模/获取并资格验证；资产包编号不是现成资产ID,候选设计；未在pine_wm实现/验证,目标图;形状/数字组合;候选位置;参考坐标,目录级启发,Solve Equation,https://robodojo-benchmark.com/doc/sim-tasks/,待审,
T156,按目标图拼四块平面拼图,P 图像目标与空间推理,图像条件;空间推理;符号推理,L4,P1 能力扩展,K01;K31,四块厚几何拼件与无槽目标底图,使用无凹锁扣的拼图，适合单臂放置,辨形状→旋转→组合摆放,3,目标轮廓覆盖率大于90%且拼件不重叠,S,条件状态机+运动技能,局部看似正确但全局无解,待建模/获取并资格验证；资产包编号不是现成资产ID,候选设计；未在pine_wm实现/验证,目标图;形状/数字组合;候选位置;参考坐标,自主扩展,,,待审,
T157,在井字棋盘补赢棋一步,P 图像目标与空间推理,图像条件;空间推理;符号推理,L4,P1 能力扩展,K31,给定合法盘面和可抓棋子,棋盘固定；先限定有唯一胜点的残局,识别盘面→选唯一胜点→放棋子,3,目标格完成连线且原棋子不移动,S,条件状态机+运动技能,任务是落一子决策，不计为整局对弈,待建模/获取并资格验证；资产包编号不是现成资产ID,候选设计；未在pine_wm实现/验证,目标图;形状/数字组合;候选位置;参考坐标,自主扩展,,,待审,
T158,摆出左右镜像布局,P 图像目标与空间推理,图像条件;空间推理;符号推理,L4,P1 能力扩展,K01;K31,一侧示例布局，另一侧为空区域,示例物固定；镜像轴用可见标线明确,解析镜像→逐件放置,2,相对分界线的镜像误差小于15mm且朝向对应,S,条件状态机+运动技能,镜像和旋转混淆,待建模/获取并资格验证；资产包编号不是现成资产ID,候选设计；未在pine_wm实现/验证,目标图;形状/数字组合;候选位置;参考坐标,自主扩展,,,待审,
T159,根据局部示意图找对应零件,P 图像目标与空间推理,图像条件;空间推理;符号推理,L4,P1 能力扩展,K01;K11;K31,候选件含局部相似物，指令给局部图,图示至少包含可唯一识别特征,观察候选→匹配局部结构→放入目标区,3,所选件对应图示且其他候选未移走,S,条件状态机+运动技能,跨视角局部图像匹配,待建模/获取并资格验证；资产包编号不是现成资产ID,候选设计；未在pine_wm实现/验证,目标图;形状/数字组合;候选位置;参考坐标,自主扩展,,,待审,
T160,绕中心物排成等距环,P 图像目标与空间推理,图像条件;空间推理;符号推理,L4,P1 能力扩展,K01;K31,中心标志与4个相同物体,中心标志固定；半径由指令提供,估计中心→规划角间距→逐件落位,3,半径误差小于15mm且相邻角间距误差小于10度,S,条件状态机+运动技能,连续空间约束而非离散固定格,待建模/获取并资格验证；资产包编号不是现成资产ID,候选设计；未在pine_wm实现/验证,目标图;形状/数字组合;候选位置;参考坐标,自主扩展,,,待审,
T161,记住被遮盖物体所在位置,Q 记忆与部分可观测,历史记忆;部分可观测;主动感知,L4,P1 能力扩展,K01;K19,目标先展示，随后被同形罩盖住,罩带把手；遮盖由环境在观察阶段完成,观察目标→遮盖后等待→揭正确罩→取物,4,首次选罩正确且目标入盘,S,条件状态机+运动技能,必须从全部三相机隐藏目标且不在指令泄露答案,待建模/获取并资格验证；资产包编号不是现成资产ID,候选设计；未在pine_wm实现/验证,展示内容;遮挡时长;提示序列;目标位置（保持历史可解）,目录级启发,Cover Blocks,https://robodojo-benchmark.com/doc/sim-tasks/,待审,
T162,复现短按钮闪烁序列,Q 记忆与部分可观测,历史记忆;部分可观测;主动感知,L4,P1 能力扩展,K07;K19,三个灯按钮先显示3–5步序列,按钮模块固定；随机序列不在执行期重播,观察→灯灭等待→依次按键,3,按键事件序列与展示完全一致,S,条件状态机+运动技能,评估历史记忆而非同时可见模仿,待建模/获取并资格验证；资产包编号不是现成资产ID,候选设计；未在pine_wm实现/验证,展示内容;遮挡时长;提示序列;目标位置（保持历史可解）,目录级启发,Press By Number,https://robodojo-benchmark.com/doc/sim-tasks/,待审,
T163,记住并交换两个物体原位,Q 记忆与部分可观测,历史记忆;部分可观测;主动感知,L4,P1 能力扩展,K01;K19,原位标记只在初始阶段可见,关闭地面永久目标标记；允许中转区,观察A/B→移A到中转→B到A原位→A到B原位,4,两物落在对方初始位置容差内,S,条件状态机+运动技能,与普通交换任务不同在隐藏目标坐标,待建模/获取并资格验证；资产包编号不是现成资产ID,候选设计；未在pine_wm实现/验证,展示内容;遮挡时长;提示序列;目标位置（保持历史可解）,自主扩展,,,待审,
T164,延迟匹配样例后取目标,Q 记忆与部分可观测,历史记忆;部分可观测;主动感知,L4,P1 能力扩展,K01;K19,样例物短暂展示后遮住，候选再出现,展示窗和候选区分离；匹配规则写进指令,记住样例外观→在候选中匹配→抓取,3,选中与样例同类或同实例目标,S,条件状态机+运动技能,样例不可通过第三路相机持续看见,待建模/获取并资格验证；资产包编号不是现成资产ID,候选设计；未在pine_wm实现/验证,展示内容;遮挡时长;提示序列;目标位置（保持历史可解）,自主扩展,,,待审,
T165,按先前示教顺序收纳,Q 记忆与部分可观测,历史记忆;部分可观测;主动感知,L4,P1 能力扩展,K01;K19;K20,环境先用灯光依次指向物体,物体位置可保持；只隐藏次序提示,观察顺序→灯全灭→按顺序逐件入盒,3,入盒事件的物体顺序完全一致,S,条件状态机+运动技能,必须评估事件顺序而非最终全入盒,待建模/获取并资格验证；资产包编号不是现成资产ID,候选设计；未在pine_wm实现/验证,展示内容;遮挡时长;提示序列;目标位置（保持历史可解）,自主扩展,,,待审,
T166,数清短暂闪烁后放对应数量,Q 记忆与部分可观测,历史记忆;部分可观测;主动感知,L4,P1 能力扩展,K01;K19;K20,灯闪2–5次，随后熄灭,不显示计数器；三相机统一曝光时间戳,累计次数→等待→放对应数量块,3,盒内块数等于历史闪烁次数,S,条件状态机+运动技能,时间采样漏闪与时钟同步,待建模/获取并资格验证；资产包编号不是现成资产ID,候选设计；未在pine_wm实现/验证,展示内容;遮挡时长;提示序列;目标位置（保持历史可解）,自主扩展,,,待审,
T167,追踪遮挡后换位的目标杯,Q 记忆与部分可观测,历史记忆;部分可观测;主动感知,L5,P2 研发后再批量,K02;K19;K24,有标记目标杯先可见，标记随后遮住,交换过程可见；不得在完全遮挡中随机置换造成无解,观察杯交换运动→选择目标杯,2,抓取物理身份正确的杯而非原位置杯,T,时间同步动态闭环,可识别运动与遮挡时长设计,待建模/获取并资格验证；资产包编号不是现成资产ID,候选设计；未在pine_wm实现/验证,展示内容;遮挡时长;提示序列;目标位置（保持历史可解）,自主扩展,,,待审,
T168,巡视遮挡区后取指定物,Q 记忆与部分可观测,历史记忆;部分可观测;主动感知,L4,P1 能力扩展,K01;K23,目标在挡板后，固定D435看不到但腕部可观察,挡板固定；设计可达观察位而非移动标定相机,移动腕部观察→识别→规划抓取→放盘,4,目标正确且至少出现有效观测帧再抓取,S,条件状态机+运动技能,策略需要主动感知而非用仿真真值定位,待建模/获取并资格验证；资产包编号不是现成资产ID,候选设计；未在pine_wm实现/验证,展示内容;遮挡时长;提示序列;目标位置（保持历史可解）,自主扩展,,,待审,
T169,根据已完成历史补齐剩余步骤,Q 记忆与部分可观测,历史记忆;部分可观测;主动感知,L5,P2 研发后再批量,K01;K20;K19,先执行部分可见收纳，容器随后遮住,环境保存事件日志供评分但不喂给策略,记住已放物→只放剩余目标→结束,3,所有目标完成且无重复投放或遗漏,S,条件状态机+运动技能,初始可见历史必须足以确定剩余目标,待建模/获取并资格验证；资产包编号不是现成资产ID,候选设计；未在pine_wm实现/验证,展示内容;遮挡时长;提示序列;目标位置（保持历史可解）,自主扩展,,,待审,
T170,记住抽屉内目标的隐藏槽位,Q 记忆与部分可观测,历史记忆;部分可观测;主动感知,L5,P2 研发后再批量,K04;K01;K19,先展示分格抽屉，随后各格加同形不透明盖并关屉，执行期请求一件,柜体固定；格盖带把手，三相机都看不到盖下物,记住布局→开屉→揭目标格盖→取物→关屉,5,首次揭盖选对目标格且目标取出、抽屉闭合,S,条件状态机+运动技能,必须隐藏格内物但保留可辨格位，避免重新观察即可解题,部分现有：USDcraft抽屉；其他配套按本行新增,候选设计；未在pine_wm实现/验证,展示内容;遮挡时长;提示序列;目标位置（保持历史可解）,自主扩展,,,待审,
T171,装满分格文具盒,R 包装收纳与多物体工序,多物体收纳;顺序约束;长时序,L3,P1 能力扩展,K21;K20,笔、橡皮、尺形道具和有标识隔格,盒固定；物体带适配夹持厚边,逐件抓取→按用途入格→整理,3,各格内容满足清单且无跨格突出,S,条件状态机+运动技能,多物形状和格间避障,待建模/获取并资格验证；资产包编号不是现成资产ID,候选设计；未在pine_wm实现/验证,清单;零件位姿;格位;目标次序,自主扩展,,,待审,
T172,将工具放入对应轮廓槽,R 包装收纳与多物体工序,多物体收纳;顺序约束;长时序,L4,P1 能力扩展,K12;K27,三种工具与形状巢穴,工具箱底固定；不要求微小压配,识别工具→调整方向→逐件落座,3,每件在对应槽且高度误差小于5mm,C,cuMotion+接触控制/遥操作,多种抓取族与轮廓精放,待建模/获取并资格验证；资产包编号不是现成资产ID,候选设计；未在pine_wm实现/验证,清单;零件位姿;格位;目标次序,目录级启发,Store Tools In Toolbox,https://robodojo-benchmark.com/doc/sim-tasks/,待审,
T173,把易滚瓶装入隔板纸箱,R 包装收纳与多物体工序,多物体收纳;顺序约束;长时序,L3,P1 能力扩展,K02;K20,三只空瓶和带隔板的刚性箱代理,箱底固定；纸箱初版为刚体并明确标注,抓瓶→扶正→逐格插放,3,每瓶独占一格且瓶轴倾角小于10度,M,cuMotion+抓放状态机,瓶与隔板接触和夹爪退出,待建模/获取并资格验证；资产包编号不是现成资产ID,候选设计；未在pine_wm实现/验证,清单;零件位姿;格位;目标次序,自主扩展,,,待审,
T174,把套件按清单装箱,R 包装收纳与多物体工序,多物体收纳;顺序约束;长时序,L4,P1 能力扩展,K01;K11;K20;K31,不同零件和带文字清单的箱,开放箱体；清单从可见牌或指令输入,读清单→逐类计数取件→装箱,3,每类数量恰好等于清单，无额外件,S,条件状态机+运动技能,数量、类别和停止的组合,待建模/获取并资格验证；资产包编号不是现成资产ID,候选设计；未在pine_wm实现/验证,清单;零件位姿;格位;目标次序,自主扩展,,,待审,
T175,套上硬质保护罩后入箱,R 包装收纳与多物体工序,多物体收纳;顺序约束;长时序,L4,P1 能力扩展,K11;K20,精密件模型、松配保护罩和包装箱,工件临时座固定；整体有可抓底座,工件入定位座→套罩→抓整体入箱,3,罩保持套住工件且整体进入指定箱位,C,cuMotion+接触控制/遥操作,保护罩连接稳定性,待建模/获取并资格验证；资产包编号不是现成资产ID,候选设计；未在pine_wm实现/验证,清单;零件位姿;格位;目标次序,自主扩展,,,待审,
T176,用隔片分层包装薄件,R 包装收纳与多物体工序,多物体收纳;顺序约束;长时序,L4,P1 能力扩展,K03;K20,两片厚板、隔片和浅箱,隔片用刚性厚片；后续软隔纸另行研发,放首件→放隔片→放次件,3,层序正确且隔片覆盖接触面大于90%,M,cuMotion+抓放状态机,层序评分与薄片抓取,待建模/获取并资格验证；资产包编号不是现成资产ID,候选设计；未在pine_wm实现/验证,清单;零件位姿;格位;目标次序,自主扩展,,,待审,
T177,打开箱盖取工具再归还,R 包装收纳与多物体工序,多物体收纳;顺序约束;长时序,L4,P1 能力扩展,K27;K12,工具箱闭合且内有工具,工具箱固定；盖有保持机构,开盖→取工具放工作位→取回→合盖,4,工具经历指定工作位且最终回槽、盖闭合,C,cuMotion+接触控制/遥操作,终态相同但中间动作不可省略,待建模/获取并资格验证；资产包编号不是现成资产ID,候选设计；未在pine_wm实现/验证,清单;零件位姿;格位;目标次序,自主扩展,,,待审,
T178,把杯子挂到不同高度杯架,R 包装收纳与多物体工序,多物体收纳;顺序约束;长时序,L4,P1 能力扩展,K02;K28,三只杯和阶梯挂钩架,杯架固定；大孔杯柄适配单臂,抓杯→对准杯柄孔→按指定钩挂放,3,各杯由对应钩支撑且未相互碰落,C,cuMotion+接触控制/遥操作,不同高度路径与邻杯避障,待建模/获取并资格验证；资产包编号不是现成资产ID,候选设计；未在pine_wm实现/验证,清单;零件位姿;格位;目标次序,目录级启发,Hang Mugs,https://robodojo-benchmark.com/doc/sim-tasks/,待审,
T179,把已装满的笔筒移入收纳格,R 包装收纳与多物体工序,多物体收纳;顺序约束;长时序,L2,P0 首批40项,K21;K20,装有松放笔的笔筒和柜格,筒径适配夹爪；柜格固定,抓筒外壁→保持竖直→进入格内,3,笔筒入格且全部笔保留筒内,M,cuMotion+抓放状态机,内容物稳定与狭窄空间搬运,待建模/获取并资格验证；资产包编号不是现成资产ID,候选设计；未在pine_wm实现/验证,清单;零件位姿;格位;目标次序,自主扩展,,,待审,
T180,按优先级把物品排入出库架,R 包装收纳与多物体工序,多物体收纳;顺序约束;长时序,L4,P1 能力扩展,K01;K20;K31,物品带可读优先级标记和线性货架,桌面低架固定；优先级每轮重新映射,读优先级→排序→逐位放置,3,从取货端看优先级单调且物品身份正确,S,条件状态机+运动技能,与按尺寸排序区分为符号规则排序,待建模/获取并资格验证；资产包编号不是现成资产ID,候选设计；未在pine_wm实现/验证,清单;零件位姿;格位;目标次序,自主扩展,,,待审,
T181,完成一次模拟吐司准备,S 日常组合长时序,长时序;跨技能组合;事件逻辑,L5,P2 研发后再批量,K08;K22,刚性吐司片、吐司机、接盘,吐司机固定；弹起机制另行建模，非真实加热,插吐司→调旋钮→压杆→等待模拟弹起→取出放盘,5,按完整事件顺序完成且吐司在盘内,C,cuMotion+接触控制/遥操作,关节联动与热过程仅状态代理,部分现有：RR吐司机；pine_wm驱动/其余配套待实现,候选设计；未在pine_wm实现/验证,子目标参数;物体布局;目标数量;各阶段接触参数,目录级启发,Make Toast,https://robodojo-benchmark.com/doc/sim-tasks/,待审,
T182,开抽屉取餐具再关屉,S 日常组合长时序,长时序;跨技能组合;事件逻辑,L4,P1 能力扩展,K04;K21,抽屉内有可夹餐具道具,柜体固定；餐具柄厚度适配夹爪,拉开→抓餐具→放餐盘→关屉,4,餐具在目标区且抽屉闭合、无关物保留,C,cuMotion+接触控制/遥操作,接触操作和抓取状态切换,部分现有：USDcraft抽屉；其他配套按本行新增,候选设计；未在pine_wm实现/验证,子目标参数;物体布局;目标数量;各阶段接触参数,自主扩展,,,待审,
T183,摆放一人份餐具布局,S 日常组合长时序,长时序;跨技能组合;事件逻辑,L4,P1 能力扩展,K02;K21;K22,盘、杯、勺形道具和布局目标,轻质小尺寸道具；目标布局在可达区,先盘→再杯→勺按关系摆放,3,各件满足左右前后关系且不重叠,S,条件状态机+运动技能,不同物体抓取与空间关系组合,待建模/获取并资格验证；资产包编号不是现成资产ID,候选设计；未在pine_wm实现/验证,子目标参数;物体布局;目标数量;各阶段接触参数,自主扩展,,,待审,
T184,把食品模型依次装入分格餐盒,S 日常组合长时序,长时序;跨技能组合;事件逻辑,L4,P1 能力扩展,K20;K22,三类刚性食物模型和分格盒,盒底固定；食品初版为刚体,按配餐指令抓取→分格计数→关独立盖,3,每格种类数量正确且盖落座,S,条件状态机+运动技能,清单、碰撞和合盖顺序,待建模/获取并资格验证；资产包编号不是现成资产ID,候选设计；未在pine_wm实现/验证,子目标参数;物体布局;目标数量;各阶段接触参数,自主扩展,,,待审,
T185,从储物盒取杯并倒颗粒饮料,S 日常组合长时序,长时序;跨技能组合;事件逻辑,L5,P2 研发后再批量,K02;K06;K13,带盖储物盒、空杯、颗粒源壶,盒和杯座固定；明确为颗粒代理饮料,开盒→取杯入杯座→倾倒颗粒→放回源壶,4,杯内颗粒达标且源壶直立、盒盖闭合,G,颗粒仿真+轨迹/反馈,长时序中接收杯位置漂移,待建模/获取并资格验证；资产包编号不是现成资产ID,候选设计；未在pine_wm实现/验证,子目标参数;物体布局;目标数量;各阶段接触参数,自主扩展,,,待审,
T186,整理桌面并留下工作区,S 日常组合长时序,长时序;跨技能组合;事件逻辑,L4,P1 能力扩展,K01;K20;K21;K31,文具、杂物和指令定义的工作矩形,收纳盒固定；不通过移走所有物体钻空子,识别保留物→分类收纳→清空工作区,3,工作矩形无杂物且保留物在指定区域,S,条件状态机+运动技能,开放指令需要可评分清单与区域定义,待建模/获取并资格验证；资产包编号不是现成资产ID,候选设计；未在pine_wm实现/验证,子目标参数;物体布局;目标数量;各阶段接触参数,自主扩展,,,待审,
T187,装配小车并送到发车位,S 日常组合长时序,长时序;跨技能组合;事件逻辑,L5,P2 研发后再批量,K11;K20,固定临时底盘座、轮子、可拆车体,简化松配卡接小车；底盘座提供支撑,装两轮→装车壳→抓整体离座→放发车位,4,装配关系正确且车位姿进入发车框,C,cuMotion+接触控制/遥操作,多部件连接的释放后稳定性,待建模/获取并资格验证；资产包编号不是现成资产ID,候选设计；未在pine_wm实现/验证,子目标参数;物体布局;目标数量;各阶段接触参数,自主扩展,,,待审,
T188,完成样品分装与回收,S 日常组合长时序,长时序;跨技能组合;事件逻辑,L5,P2 研发后再批量,K13;K20;K29,颗粒样品杯、秤盘和回收杯,容器座固定；不涉及真实液体或化学反应,称量→转移目标份→余料倒回→归位,4,目标质量合格且余料回收率大于90%,G,颗粒仿真+轨迹/反馈,计量误差与容器切换,待建模/获取并资格验证；资产包编号不是现成资产ID,候选设计；未在pine_wm实现/验证,子目标参数;物体布局;目标数量;各阶段接触参数,自主扩展,,,待审,
T189,取放模型书并合上书挡门,S 日常组合长时序,长时序;跨技能组合;事件逻辑,L4,P1 能力扩展,K06;K21;K28,厚书形块放在有门书架,书架固定；书脊有可夹厚边,开门→取指定书→放阅读位→送回→关门,5,书经历阅读区且回正确槽、门闭合,C,cuMotion+接触控制/遥操作,中间目标事件与狭槽回插,待建模/获取并资格验证；资产包编号不是现成资产ID,候选设计；未在pine_wm实现/验证,子目标参数;物体布局;目标数量;各阶段接触参数,自主扩展,,,待审,
T190,完成工具借用并检查归位,S 日常组合长时序,长时序;跨技能组合;事件逻辑,L5,P2 研发后再批量,K12;K27;K07,工具箱、工具和有接触按钮的工位,工位和箱固定；工具接触作为实际使用事件,开箱取推杆→按工位按钮→归槽→合箱锁扣,4,按钮触发且工具归位、盖闭合、扣锁定,C,cuMotion+接触控制/遥操作,长链任务需阶段成功而非只看末态,待建模/获取并资格验证；资产包编号不是现成资产ID,候选设计；未在pine_wm实现/验证,子目标参数;物体布局;目标数量;各阶段接触参数,自主扩展,,,待审,
T191,绕窄通道搬运不碰障碍,T 受限空间动态与恢复,约束规划;在线反馈;失败恢复,L3,P1 能力扩展,K01;K23,目标与终点之间有固定障碍阵列,通道宽度预先保证夹爪与相机可通过,选抓点→规划含物体路径→搬运释放,3,目标入终点且非目标碰撞冲量不超阈值,M,cuMotion+抓放状态机,附件和被抓物体都需加入规划包络,待建模/获取并资格验证；资产包编号不是现成资产ID,候选设计；未在pine_wm实现/验证,障碍位姿;扰动时刻/幅度;运动速度;指令切换时刻,自主扩展,,,待审,
T192,侧向进入低矮货架取物,T 受限空间动态与恢复,约束规划;在线反馈;失败恢复,L4,P1 能力扩展,K20;K23,物体在上方受限的小架层内,架体固定；物体侧面可抓,侧抓→水平退出→提起入盘,3,目标取出且层板和邻物无显著位移,M,cuMotion+抓放状态机,手腕相机支架容易碰上层板,待建模/获取并资格验证；资产包编号不是现成资产ID,候选设计；未在pine_wm实现/验证,障碍位姿;扰动时刻/幅度;运动速度;指令切换时刻,自主扩展,,,待审,
T193,先移走挡路物再抓目标,T 受限空间动态与恢复,约束规划;在线反馈;失败恢复,L4,P1 能力扩展,K01;K20,目标抓取空间被可移动物遮挡,预留中转区；保证移障后目标可达,移障碍到中转区→抓目标→障碍复位,3,目标入盘且障碍回初始区,S,条件状态机+运动技能,先后依赖和障碍复位,待建模/获取并资格验证；资产包编号不是现成资产ID,候选设计；未在pine_wm实现/验证,障碍位姿;扰动时刻/幅度;运动速度;指令切换时刻,自主扩展,,,待审,
T194,抓取滑落后重新抓取,T 受限空间动态与恢复,约束规划;在线反馈;失败恢复,L4,P1 能力扩展,K01;K24,夹取后环境施加一次有限滑移扰动,扰动幅度保证物体仍在桌面可达区,发现目标未持稳→放弃运输→重新抓取→完成,4,扰动发生后目标最终入盘且无假成功,R,扰动恢复闭环,必须验证失败真实发生且策略可观察,待建模/获取并资格验证；资产包编号不是现成资产ID,候选设计；未在pine_wm实现/验证,障碍位姿;扰动时刻/幅度;运动速度;指令切换时刻,自主扩展,,,待审,
T195,放置偏位后纠正,T 受限空间动态与恢复,约束规划;在线反馈;失败恢复,L3,P1 能力扩展,K01;K03;K24,首次落位后目标被小幅偏移,扰动发生时间与幅度写入元数据,观察不满足目标→重抓或推正→释放,3,扰动后恢复到规定位置朝向容差,R,扰动恢复闭环,控制器不得使用未来扰动信息,待建模/获取并资格验证；资产包编号不是现成资产ID,候选设计；未在pine_wm实现/验证,障碍位姿;扰动时刻/幅度;运动速度;指令切换时刻,自主扩展,,,待审,
T196,插入卡住后退出重对齐,T 受限空间动态与恢复,约束规划;在线反馈;失败恢复,L5,P2 研发后再批量,K03;K24,孔座存在小角度偏差诱发首插失败,孔座固定；偏差限制在可恢复范围,检测未到深度→退出→重对准→再插,4,首次失败可证实且第二次达到插深阈值,R,扰动恢复闭环,需接触或视觉闭环，不能强行穿透,待建模/获取并资格验证；资产包编号不是现成资产ID,候选设计；未在pine_wm实现/验证,障碍位姿;扰动时刻/幅度;运动速度;指令切换时刻,自主扩展,,,待审,
T197,抽屉受阻后移除障碍再开,T 受限空间动态与恢复,约束规划;在线反馈;失败恢复,L5,P2 研发后再批量,K04;K01,可见挡块限制抽屉行程,柜体固定；障碍可抓且不在夹手死角,尝试受阻→停止→移挡块→再次拉开,4,挡块移走且抽屉超过75mm；记录受阻阶段,R,扰动恢复闭环,阻力来源真实碰撞而非脚本失败标志,部分现有：USDcraft抽屉；其他配套按本行新增,候选设计；未在pine_wm实现/验证,障碍位姿;扰动时刻/幅度;运动速度;指令切换时刻,自主扩展,,,待审,
T198,从慢速传送带取指定物,T 受限空间动态与恢复,约束规划;在线反馈;失败恢复,L5,P2 研发后再批量,K01;K24;K31,小型桌面传送带运送可抓物,传送带固定；先用0.01–0.03m/s速度,识别目标→预测抓点→同步抓取→放盘,4,正确目标在离开抓取窗前被取走,T,时间同步动态闭环,需要时间同步规划，静态cuMotion不足,待建模/获取并资格验证；资产包编号不是现成资产ID,候选设计；未在pine_wm实现/验证,障碍位姿;扰动时刻/幅度;运动速度;指令切换时刻,自主扩展,,,待审,
T199,等待移动挡门窗口再搬运,T 受限空间动态与恢复,约束规划;在线反馈;失败恢复,L5,P2 研发后再批量,K01;K24,目标通道有周期性滑门,滑门固定导轨；开窗长于可执行最短通过时间,观察门周期→等待→窗口期穿过→放置,4,物体进入终点且门无碰撞,T,时间同步动态闭环,不能只靠规划时刻的静态避障,待建模/获取并资格验证；资产包编号不是现成资产ID,候选设计；未在pine_wm实现/验证,障碍位姿;扰动时刻/幅度;运动速度;指令切换时刻,自主扩展,,,待审,
T200,在任务中途变更目标容器,T 受限空间动态与恢复,约束规划;在线反馈;失败恢复,L4,P1 能力扩展,K01;K20;K19,抓取后灯指示目标从A切到B,目标切换在仍可安全改向阶段发生,察觉可见新指令→停止旧计划→重规划落B,3,切换后物体只落入最新目标容器,R,扰动恢复闭环,在线指令更新与旧动作缓存清理,待建模/获取并资格验证；资产包编号不是现成资产ID,候选设计；未在pine_wm实现/验证,障碍位姿;扰动时刻/幅度;运动速度;指令切换时刻,自主扩展,,,待审,
